method,step,n_book_seed_pairs,retained_min,retained_max,forward_max,kv_bytes_min,kv_bytes_max
baseline,0,9,1,1,1,327680,327680
baseline,128,9,129,129,129,42270720,42270720
baseline,256,9,257,257,257,84213760,84213760
baseline,384,9,385,385,385,126156800,126156800
baseline,512,9,513,513,513,168099840,168099840
baseline,640,9,641,641,641,210042880,210042880
baseline,768,9,769,769,769,251985920,251985920
baseline,896,9,897,897,897,293928960,293928960
baseline,1023,9,1024,1024,1024,335544320,335544320
baseline,1024,9,1024,1024,1025,335544320,335544320
baseline,1025,9,1024,1024,1025,335544320,335544320
baseline,1152,9,1024,1024,1025,335544320,335544320
baseline,1280,9,1024,1024,1025,335544320,335544320
baseline,1408,9,1024,1024,1025,335544320,335544320
baseline,1536,9,1024,1024,1025,335544320,335544320
baseline,1664,9,1024,1024,1025,335544320,335544320
baseline,1792,9,1024,1024,1025,335544320,335544320
baseline,1920,9,1024,1024,1025,335544320,335544320
baseline,2048,9,1024,1024,1025,335544320,335544320
baseline,2176,9,1024,1024,1025,335544320,335544320
baseline,2304,9,1024,1024,1025,335544320,335544320
baseline,2432,9,1024,1024,1025,335544320,335544320
baseline,2560,9,1024,1024,1025,335544320,335544320
baseline,2688,9,1024,1024,1025,335544320,335544320
baseline,2816,9,1024,1024,1025,335544320,335544320
baseline,2944,9,1024,1024,1025,335544320,335544320
baseline,3072,9,1024,1024,1025,335544320,335544320
baseline,3200,9,1024,1024,1025,335544320,335544320
baseline,3328,9,1024,1024,1025,335544320,335544320
baseline,3456,9,1024,1024,1025,335544320,335544320
baseline,3584,9,1024,1024,1025,335544320,335544320
baseline,3712,9,1024,1024,1025,335544320,335544320
baseline,3840,9,1024,1024,1025,335544320,335544320
baseline,3968,9,1024,1024,1025,335544320,335544320
baseline,4096,9,1024,1024,1025,335544320,335544320
baseline,4224,9,1024,1024,1025,335544320,335544320
baseline,4352,9,1024,1024,1025,335544320,335544320
baseline,4480,9,1024,1024,1025,335544320,335544320
baseline,4608,9,1024,1024,1025,335544320,335544320
baseline,4736,9,1024,1024,1025,335544320,335544320
baseline,4864,9,1024,1024,1025,335544320,335544320
baseline,4992,9,1024,1024,1025,335544320,335544320
baseline,5120,9,1024,1024,1025,335544320,335544320
baseline,5248,9,1024,1024,1025,335544320,335544320
baseline,5376,9,1024,1024,1025,335544320,335544320
baseline,5504,9,1024,1024,1025,335544320,335544320
baseline,5632,9,1024,1024,1025,335544320,335544320
baseline,5760,9,1024,1024,1025,335544320,335544320
baseline,5888,9,1024,1024,1025,335544320,335544320
baseline,6016,9,1024,1024,1025,335544320,335544320
baseline,6144,9,1024,1024,1025,335544320,335544320
baseline,6272,9,1024,1024,1025,335544320,335544320
baseline,6400,9,1024,1024,1025,335544320,335544320
baseline,6528,9,1024,1024,1025,335544320,335544320
baseline,6656,9,1024,1024,1025,335544320,335544320
baseline,6784,9,1024,1024,1025,335544320,335544320
baseline,6912,9,1024,1024,1025,335544320,335544320
baseline,7040,9,1024,1024,1025,335544320,335544320
baseline,7168,9,1024,1024,1025,335544320,335544320
baseline,7296,9,1024,1024,1025,335544320,335544320
baseline,7424,9,1024,1024,1025,335544320,335544320
baseline,7552,9,1024,1024,1025,335544320,335544320
baseline,7680,9,1024,1024,1025,335544320,335544320
baseline,7808,9,1024,1024,1025,335544320,335544320
baseline,7936,9,1024,1024,1025,335544320,335544320
baseline,8064,9,1024,1024,1025,335544320,335544320
baseline,8190,9,1024,1024,1025,335544320,335544320
candidate,0,9,1,1,1,327680,327680
candidate,128,9,129,129,129,42270720,42270720
candidate,256,9,257,257,257,84213760,84213760
candidate,384,9,385,385,385,126156800,126156800
candidate,512,9,513,513,513,168099840,168099840
candidate,640,9,641,641,641,210042880,210042880
candidate,768,9,769,769,769,251985920,251985920
candidate,896,9,897,897,897,293928960,293928960
candidate,1023,9,1024,1024,1024,335544320,335544320
candidate,1024,9,1024,1024,1025,335544320,335544320
candidate,1025,9,1024,1024,1025,335544320,335544320
candidate,1152,9,1024,1024,1025,335544320,335544320
candidate,1280,9,1024,1024,1025,335544320,335544320
candidate,1408,9,1024,1024,1025,335544320,335544320
candidate,1536,9,1024,1024,1025,335544320,335544320
candidate,1664,9,1024,1024,1025,335544320,335544320
candidate,1792,9,1024,1024,1025,335544320,335544320
candidate,1920,9,1024,1024,1025,335544320,335544320
candidate,2048,9,1024,1024,1025,335544320,335544320
candidate,2176,9,1024,1024,1025,335544320,335544320
candidate,2304,9,1024,1024,1025,335544320,335544320
candidate,2432,9,1024,1024,1025,335544320,335544320
candidate,2560,9,1024,1024,1025,335544320,335544320
candidate,2688,9,1024,1024,1025,335544320,335544320
candidate,2816,9,1024,1024,1025,335544320,335544320
candidate,2944,9,1024,1024,1025,335544320,335544320
candidate,3072,9,1024,1024,1025,335544320,335544320
candidate,3200,9,1024,1024,1025,335544320,335544320
candidate,3328,9,1024,1024,1025,335544320,335544320
candidate,3456,9,1024,1024,1025,335544320,335544320
candidate,3584,9,1024,1024,1025,335544320,335544320
candidate,3712,9,1024,1024,1025,335544320,335544320
candidate,3840,9,1024,1024,1025,335544320,335544320
candidate,3968,9,1024,1024,1025,335544320,335544320
candidate,4096,9,1024,1024,1025,335544320,335544320
candidate,4224,9,1024,1024,1025,335544320,335544320
candidate,4352,9,1024,1024,1025,335544320,335544320
candidate,4480,9,1024,1024,1025,335544320,335544320
candidate,4608,9,1024,1024,1025,335544320,335544320
candidate,4736,9,1024,1024,1025,335544320,335544320
candidate,4864,9,1024,1024,1025,335544320,335544320
candidate,4992,9,1024,1024,1025,335544320,335544320
candidate,5120,9,1024,1024,1025,335544320,335544320
candidate,5248,9,1024,1024,1025,335544320,335544320
candidate,5376,9,1024,1024,1025,335544320,335544320
candidate,5504,9,1024,1024,1025,335544320,335544320
candidate,5632,9,1024,1024,1025,335544320,335544320
candidate,5760,9,1024,1024,1025,335544320,335544320
candidate,5888,9,1024,1024,1025,335544320,335544320
candidate,6016,9,1024,1024,1025,335544320,335544320
candidate,6144,9,1024,1024,1025,335544320,335544320
candidate,6272,9,1024,1024,1025,335544320,335544320
candidate,6400,9,1024,1024,1025,335544320,335544320
candidate,6528,9,1024,1024,1025,335544320,335544320
candidate,6656,9,1024,1024,1025,335544320,335544320
candidate,6784,9,1024,1024,1025,335544320,335544320
candidate,6912,9,1024,1024,1025,335544320,335544320
candidate,7040,9,1024,1024,1025,335544320,335544320
candidate,7168,9,1024,1024,1025,335544320,335544320
candidate,7296,9,1024,1024,1025,335544320,335544320
candidate,7424,9,1024,1024,1025,335544320,335544320
candidate,7552,9,1024,1024,1025,335544320,335544320
candidate,7680,9,1024,1024,1025,335544320,335544320
candidate,7808,9,1024,1024,1025,335544320,335544320
candidate,7936,9,1024,1024,1025,335544320,335544320
candidate,8064,9,1024,1024,1025,335544320,335544320
candidate,8190,9,1024,1024,1025,335544320,335544320
