method,first_step,mean_book_bin_nll,n_book_seed_pairs,n_books
baseline,1025,2.4924198593124864,9,3
baseline,1537,2.7524952636077344,9,3
baseline,2049,2.711789051762002,9,3
baseline,2561,2.5558182915825918,9,3
baseline,3073,2.6085584326169897,9,3
baseline,3585,2.780798388802167,9,3
baseline,4097,2.553236861971534,9,3
baseline,4609,2.4665476612952353,9,3
baseline,5121,2.5388479660326944,9,3
baseline,5633,2.537609279470397,9,3
baseline,6145,2.6020111273241775,9,3
baseline,6657,2.6312045424469943,9,3
baseline,7169,2.6534835927417806,9,3
baseline,7681,2.684676842273981,9,3
candidate,1025,2.5194833935240872,9,3
candidate,1537,2.7645091426768675,9,3
candidate,2049,2.727110833131577,9,3
candidate,2561,2.5662874823208743,9,3
candidate,3073,2.626347146811783,9,3
candidate,3585,2.800509872336205,9,3
candidate,4097,2.560505490968945,9,3
candidate,4609,2.4796058866957074,9,3
candidate,5121,2.5478777826195707,9,3
candidate,5633,2.5521048573354497,9,3
candidate,6145,2.622726097325632,9,3
candidate,6657,2.651594306815812,9,3
candidate,7169,2.6827231688518185,9,3
candidate,7681,2.696750609024562,9,3
