run_id,seed,book_id,selection,calibration_host_wall_seconds,book_runtime_seconds,mean_nll_scored
I-h2-v2-mig-20261009-h2_sink_selection-s0,0,10146,"{""anchors"": [0, 1, 5, 49], ""attention_mass"": [60393.869679272175, 204607.28550952673, 229.57026726007462, 120.3638042807579, 324.65954715013504, 694.2447633743286, 439.85045742988586, 169.13826829195023, 120.65987205505371, 499.0834810733795, 210.2122694849968, 167.18364149332047, 138.2317128777504, 56.54382038116455, 63.670100688934326, 49.27461123466492, 81.41201305389404, 222.93029445409775, 273.7138521075249, 138.14857649803162, 87.56521135568619, 108.38795810937881, 142.4524701833725, 138.57040280103683, 240.56022214889526, 93.03148984909058, 109.16658514738083, 110.78881895542145, 142.6591174006462, 93.86729365587234, 324.6348030567169, 377.983319401741, 177.3965144753456, 84.8939625620842, 100.07679980993271, 104.38059252500534, 389.7198702096939, 264.9093065857887, 209.0952935218811, 145.0545333623886, 84.88706421852112, 516.362907230854, 170.17483776807785, 421.1990639567375, 304.23785251379013, 187.5515148639679, 387.3105067014694, 108.02997887134552, 483.0800879597664, 571.8946412801743, 515.4637286067009, 266.51982271671295, 360.91567945480347, 270.9774304628372, 439.389376103878, 244.2192458510399, 270.83900517225266, 293.14820951223373, 250.6521933078766, 259.6799085140228, 388.37608855962753, 420.40577244758606, 408.2299482226372, 219.25624650716782], ""calibration_queries"": 448, ""decision_step"": 511, ""fallback"": false, ""sink_tokens"": 4}",20.886155545711517,783.5064402120188,2.2224544057733437
I-h2-v2-mig-20261009-h2_sink_selection-s0,0,10321,"{""anchors"": [0, 1, 29, 57], ""attention_mass"": [60298.68593609333, 224449.92084676027, 240.6219722032547, 368.68224477767944, 139.93867135047913, 147.01374822854996, 89.87434661388397, 49.76043438911438, 55.34719669818878, 241.98780983686447, 87.34426701068878, 74.50609064102173, 80.83720177412033, 219.1845463514328, 99.7640768289566, 194.45846086740494, 121.33736729621887, 85.43050467967987, 87.08837139606476, 439.5625149011612, 509.3645948767662, 251.73862612247467, 309.4503429532051, 843.7626806497574, 945.7653648853302, 316.53252828121185, 195.36204594373703, 79.14740979671478, 426.27744448184967, 1102.7221679091454, 407.5250128507614, 386.69956731796265, 210.33883905410767, 184.17868250608444, 223.77230495214462, 149.67438185214996, 216.46349984407425, 270.8280490040779, 360.48862886428833, 220.5485457777977, 350.7710891366005, 398.83468812704086, 365.24252235889435, 315.9851882457733, 281.0017321109772, 575.2076874375343, 252.15774154663086, 225.97894608974457, 177.49069154262543, 151.29886424541473, 264.6808862686157, 139.0439791083336, 174.61852258443832, 285.9686879515648, 284.016301214695, 206.28568589687347, 597.1736103892326, 959.0349539518356, 532.0396865606308, 777.9177832007408, 453.9407534599304, 285.84899777173996, 469.8722676038742, 274.92143243551254], ""calibration_queries"": 448, ""decision_step"": 511, ""fallback"": false, ""sink_tokens"": 4}",20.842869613785297,782.8159670219757,3.0022841751236014
I-h2-v2-mig-20261009-h2_sink_selection-s0,0,10356,"{""anchors"": [0, 1, 59, 63], ""attention_mass"": [51681.08290988207, 218371.04717099667, 240.23623061180115, 425.59993809461594, 168.70252692699432, 119.56072562932968, 73.74383819103241, 53.18896758556366, 74.48143291473389, 278.4742294549942, 107.93539309501648, 61.97464215755463, 221.3400410413742, 335.1491132378578, 140.29503482580185, 199.7004880309105, 72.66230446100235, 84.37034910917282, 96.63286191225052, 136.5568504333496, 92.33543729782104, 108.99061125516891, 127.12056249380112, 69.96222478151321, 87.62473422288895, 83.09641629457474, 96.50282293558121, 201.44193029403687, 93.32968920469284, 259.17854315042496, 105.91995429992676, 61.10250794887543, 63.82578653097153, 79.55716294050217, 95.48408031463623, 90.83163982629776, 123.49190437793732, 173.10466748476028, 135.28727400302887, 106.95348823070526, 72.81223744153976, 69.5177156329155, 78.2922231554985, 69.80496752262115, 110.21885627508163, 139.05153262615204, 124.59296244382858, 223.81077206134796, 212.7495694756508, 123.9629191160202, 83.10312032699585, 125.04773062467575, 225.74815958738327, 100.9327387213707, 49.33034700155258, 124.77612781524658, 103.68684405088425, 129.3062845468521, 740.5700360536575, 887.2097856998444, 274.6632877588272, 843.735753774643, 292.9216819405556, 885.7846809625626], ""calibration_queries"": 448, ""decision_step"": 511, ""fallback"": false, ""sink_tokens"": 4}",20.82802575128153,783.219603722915,2.570025658218337
I-h2-v2-mig-20261009-h2_sink_selection-s0,0,10762,"{""anchors"": [0, 1, 21, 41], ""attention_mass"": [48841.937771081924, 230378.79794889688, 227.32511222362518, 337.0296053290367, 143.04435449838638, 88.62573438882828, 80.2551582455635, 82.10862958431244, 62.84385234117508, 102.2306918501854, 279.7416812777519, 387.7055895328522, 125.21121162176132, 141.47831577062607, 217.3786290884018, 148.3796883225441, 111.8872720003128, 98.5881861448288, 100.39717304706573, 133.66365498304367, 92.73049211502075, 14321.161633014679, 218.6253426671028, 100.21965438127518, 55.965536057949066, 126.1451176404953, 60.8823322057724, 368.11331725120544, 327.03087133169174, 366.5665253996849, 255.9953367114067, 220.2648120522499, 324.22205090522766, 389.4547299146652, 326.70801359415054, 239.33644497394562, 110.30053281784058, 133.10226088762283, 154.84847939014435, 462.1141188144684, 324.2380585074425, 1075.872105538845, 489.82442915439606, 237.43160617351532, 101.53420966863632, 240.345312833786, 184.02920746803284, 110.27222692966461, 907.2714395523071, 841.6362351775169, 503.08956718444824, 246.85249066352844, 608.1265920996666, 261.5286538004875, 283.72584956884384, 323.7466632127762, 166.53859037160873, 264.68883842229843, 436.7894338965416, 216.12213772535324, 347.18850016593933, 206.21806573867798, 413.86097425222397, 385.96842724084854], ""calibration_queries"": 448, ""decision_step"": 511, ""fallback"": false, ""sink_tokens"": 4}",20.745651255361736,779.7970563690178,3.0630668726113077
I-h2-v2-mig-20261009-h2_sink_selection-s0,0,12204,"{""anchors"": [0, 1, 53, 57], ""attention_mass"": [42357.01446866989, 193331.5625950694, 210.23757129907608, 334.28036361932755, 126.6168367266655, 121.2954689860344, 54.55007255077362, 96.39572793245316, 237.4143427014351, 336.2056897878647, 205.8904892206192, 247.87817817926407, 106.09631884098053, 77.644950568676, 301.4282010793686, 371.02990049123764, 284.7476850748062, 175.7792444229126, 148.5355930328369, 203.62814009189606, 94.19547820091248, 98.11125391721725, 349.0427063703537, 522.2311167120934, 307.22516679763794, 127.89780354499817, 334.8483228087425, 172.0012852549553, 345.27651357650757, 343.85836082696915, 383.15973740816116, 414.677454829216, 266.37827771902084, 259.5515156984329, 432.79731673002243, 334.4083408713341, 222.74358236789703, 163.11596739292145, 581.241148173809, 647.1902325153351, 355.43928575515747, 550.0868031382561, 346.5970426797867, 165.84050107002258, 301.299207508564, 567.0446776747704, 534.6261643767357, 220.04693043231964, 333.48741579055786, 314.2760221362114, 225.69599241018295, 304.3314499258995, 308.8080983757973, 831.5276090502739, 315.8711379170418, 223.08579421043396, 627.0904033780098, 648.840334892273, 441.0523034930229, 343.87058556079865, 194.05755227804184, 116.23982626199722, 352.5072881579399, 457.3091477751732], ""calibration_queries"": 448, ""decision_step"": 511, ""fallback"": false, ""sink_tokens"": 4}",20.707816645037383,337.9849361209199,1.9765726693739747
I-h2-v2-mig-20261009-h2_sink_selection-s0,0,15562,"{""anchors"": [0, 1, 62, 63], ""attention_mass"": [125329.16882270575, 125307.60932785273, 410.00151789188385, 137.94133704900742, 393.51995754241943, 172.24743235111237, 183.67257702350616, 106.6952468752861, 97.60629278421402, 75.81126922369003, 269.0317557454109, 290.6518201828003, 523.0372276902199, 167.45880895853043, 191.05967342853546, 113.05114024877548, 115.68245661258698, 86.63193261623383, 109.82203507423401, 110.19101411104202, 332.30568939447403, 251.97851014137268, 247.6666647195816, 311.0592898130417, 226.15035772323608, 169.66985774040222, 144.05018723011017, 137.8575314283371, 167.07966536283493, 123.51222467422485, 172.03223931789398, 84.90063840150833, 63.88902163505554, 54.13314247131348, 124.69765406847, 248.48879152536392, 231.80662924051285, 322.3715795278549, 238.22239118814468, 247.07678878307343, 162.13992714881897, 147.1907353401184, 187.64053189754486, 188.5378459095955, 198.5604346394539, 338.37257784605026, 124.01546531915665, 98.4053783416748, 132.23663717508316, 221.76954454183578, 98.08575242757797, 131.94708555936813, 84.50991398096085, 209.75838214159012, 193.59340691566467, 275.342198908329, 102.54883599281311, 179.6000748872757, 222.30759876966476, 188.01097911596298, 211.30656135082245, 413.1125802397728, 1284.4617712497711, 549.0804222822189], ""calibration_queries"": 448, ""decision_step"": 511, ""fallback"": false, ""sink_tokens"": 4}",20.663163259625435,779.4712558500469,2.2022872380567065
I-h2-v2-mig-20261009-h2_sink_selection-s0,0,22424,"{""anchors"": [0, 1, 52, 54], ""attention_mass"": [55900.29574406147, 226854.39746630192, 235.68516916036606, 380.25741547346115, 157.87202912569046, 125.0645363330841, 77.66971951723099, 72.20780891180038, 37.30597013235092, 72.44561076164246, 320.4732317328453, 323.6454025506973, 127.80410206317902, 142.91403955221176, 191.04708153009415, 133.7010355591774, 103.93179255723953, 92.18128561973572, 398.4102827310562, 492.4798740744591, 142.52360796928406, 504.6419743299484, 135.24271774291992, 265.85184156894684, 200.83347833156586, 156.15182775259018, 147.8814759850502, 186.22370553016663, 127.4599928855896, 251.50678610801697, 389.7984901666641, 205.87219727039337, 633.1747040748596, 260.4996659755707, 172.54512131214142, 259.678448677063, 121.2542371749878, 134.19645822048187, 175.0945846438408, 151.5377247929573, 196.47506606578827, 306.96559578180313, 183.70172703266144, 132.33784019947052, 169.77326476573944, 192.80711376667023, 246.6258618235588, 623.9814277291298, 532.5649674534798, 467.9008464217186, 289.1602963209152, 140.67284631729126, 1644.638907790184, 396.5888651609421, 872.9403521418571, 595.1076771616936, 460.1710782647133, 753.2185547351837, 446.86430341005325, 379.5723358988762, 314.57713520526886, 304.07575410604477, 325.78106862306595, 424.46502286195755], ""calibration_queries"": 448, ""decision_step"": 511, ""fallback"": false, ""sink_tokens"": 4}",20.668475549668074,778.7492332546972,2.2350242263743167
I-h2-v2-mig-20261009-h2_sink_selection-s0,0,24553,"{""anchors"": [0, 1, 24, 42], ""attention_mass"": [47961.16904318333, 211160.6282404065, 201.3019695878029, 337.6713357567787, 130.1389701962471, 88.39798527956009, 46.64606553316116, 221.3523934483528, 90.40874207019806, 42.695820450782776, 54.92877894639969, 54.923076927661896, 43.29939502477646, 218.9130465388298, 290.140257358551, 191.24451673030853, 126.090685069561, 168.417644739151, 96.40677416324615, 104.02470231056213, 83.3649171590805, 88.3913357257843, 161.96700620651245, 84.21338301897049, 14046.789107739925, 189.7703821659088, 113.17937284708023, 52.15182238817215, 108.95639157295227, 57.59955179691315, 381.67798203229904, 340.48299819231033, 344.608607172966, 246.45950788259506, 102.31323063373566, 267.1801764369011, 166.57748436927795, 92.90593421459198, 52.120638847351074, 57.47378098964691, 65.45017051696777, 346.9449741244316, 872.4900684952736, 364.2697144150734, 424.03985691070557, 219.88380658626556, 188.2744432091713, 184.34245389699936, 233.18484658002853, 130.59339892864227, 98.3621062040329, 284.85114896297455, 659.2171005010605, 295.494955599308, 266.3469433784485, 329.6102666258812, 269.3630339503288, 268.9308066368103, 262.4007325768471, 270.3798913359642, 237.5473636984825, 374.9741819500923, 309.26297783851624, 485.6320427060127], ""calibration_queries"": 448, ""decision_step"": 511, ""fallback"": false, ""sink_tokens"": 4}",20.71838351059705,780.7647749921307,2.641333116686435
I-h2-v2-mig-20261009-h2_sink_selection-s0,0,2544,"{""anchors"": [0, 1, 54, 56], ""attention_mass"": [43204.2011654973, 202877.4274984002, 189.37784898281097, 311.0168209075928, 136.29840326309204, 106.06021875143051, 80.84993648529053, 57.00090312957764, 63.83815634250641, 198.4917489886284, 316.6981219649315, 212.38584107160568, 173.28084808588028, 277.1126053929329, 135.1450360417366, 211.05634093284607, 341.2967344522476, 183.537475168705, 190.82108515501022, 512.7980019450188, 314.49596190452576, 206.7336409687996, 301.26204961538315, 150.00038039684296, 639.2985653281212, 368.908983707428, 273.4117926955223, 142.12298810482025, 664.3828335404396, 379.7084946632385, 394.5112285017967, 313.974205493927, 154.45431280136108, 248.37006264925003, 106.80881744623184, 197.4487180709839, 248.5654141306877, 143.97877991199493, 221.82313680648804, 489.2996059060097, 359.0177757740021, 413.36390483379364, 229.38935047388077, 134.18479025363922, 484.9528550505638, 294.2137488722801, 187.031933426857, 129.74868535995483, 206.64603006839752, 94.82632476091385, 317.08209204673767, 212.81730115413666, 133.19951784610748, 471.0551995038986, 1209.0093497633934, 519.8786737322807, 844.2131077051163, 412.23393017053604, 370.5945627093315, 222.4462081193924, 127.75465470552444, 90.22469002008438, 352.0872355103493, 408.47448790073395], ""calibration_queries"": 448, ""decision_step"": 511, ""fallback"": false, ""sink_tokens"": 4}",20.783333404920995,781.7415596279316,2.5053981994899934
I-h2-v2-mig-20261009-h2_sink_selection-s0,0,25646,"{""anchors"": [0, 1, 24, 43], ""attention_mass"": [46459.60794579983, 220977.19962447882, 255.67608708143234, 395.97887194156647, 166.42308449745178, 107.36688303947449, 53.342853009700775, 249.06449508666992, 86.48051017522812, 44.12134671211243, 123.05218678712845, 73.97219955921173, 70.86412161588669, 192.71412861347198, 295.5667017698288, 252.6024300456047, 141.7999477982521, 179.02631443738937, 110.68556278944016, 127.50495636463165, 89.90862739086151, 104.16526061296463, 181.2631966471672, 92.27826792001724, 14435.762250840664, 206.65303832292557, 124.66113179922104, 64.74352586269379, 124.3778088092804, 67.97709101438522, 429.7286040186882, 294.07215547561646, 460.71216279268265, 284.8028602004051, 514.0739288330078, 339.4771853685379, 357.0758232474327, 188.08934462070465, 808.2050579190254, 220.96183794736862, 171.9657887816429, 704.4430567026138, 780.5603627562523, 1304.6118530631065, 480.7912839651108, 179.73866379261017, 624.9391222000122, 186.73984944820404, 242.48750442266464, 123.52783918380737, 273.24186915159225, 236.28270721435547, 91.22974717617035, 281.9265378713608, 359.0723201036453, 222.55651772022247, 197.3167198896408, 167.57670956850052, 244.9801203608513, 229.97307306528091, 250.46949422359467, 335.74484676122665, 896.4482764601707, 898.9438083171844], ""calibration_queries"": 448, ""decision_step"": 511, ""fallback"": false, ""sink_tokens"": 4}",20.762679847422987,779.4116243566386,1.8814226070540438
I-h2-v2-mig-20261009-h2_sink_selection-s1,1,10146,"{""anchors"": [0, 1, 5, 49], ""attention_mass"": [60393.869679272175, 204607.28550952673, 229.57026726007462, 120.3638042807579, 324.65954715013504, 694.2447633743286, 439.85045742988586, 169.13826829195023, 120.65987205505371, 499.0834810733795, 210.2122694849968, 167.18364149332047, 138.2317128777504, 56.54382038116455, 63.670100688934326, 49.27461123466492, 81.41201305389404, 222.93029445409775, 273.7138521075249, 138.14857649803162, 87.56521135568619, 108.38795810937881, 142.4524701833725, 138.57040280103683, 240.56022214889526, 93.03148984909058, 109.16658514738083, 110.78881895542145, 142.6591174006462, 93.86729365587234, 324.6348030567169, 377.983319401741, 177.3965144753456, 84.8939625620842, 100.07679980993271, 104.38059252500534, 389.7198702096939, 264.9093065857887, 209.0952935218811, 145.0545333623886, 84.88706421852112, 516.362907230854, 170.17483776807785, 421.1990639567375, 304.23785251379013, 187.5515148639679, 387.3105067014694, 108.02997887134552, 483.0800879597664, 571.8946412801743, 515.4637286067009, 266.51982271671295, 360.91567945480347, 270.9774304628372, 439.389376103878, 244.2192458510399, 270.83900517225266, 293.14820951223373, 250.6521933078766, 259.6799085140228, 388.37608855962753, 420.40577244758606, 408.2299482226372, 219.25624650716782], ""calibration_queries"": 448, ""decision_step"": 511, ""fallback"": false, ""sink_tokens"": 4}",20.298770151566714,763.2160924789496,2.2224544057733437
I-h2-v2-mig-20261009-h2_sink_selection-s1,1,10321,"{""anchors"": [0, 1, 29, 57], ""attention_mass"": [60298.68593609333, 224449.92084676027, 240.6219722032547, 368.68224477767944, 139.93867135047913, 147.01374822854996, 89.87434661388397, 49.76043438911438, 55.34719669818878, 241.98780983686447, 87.34426701068878, 74.50609064102173, 80.83720177412033, 219.1845463514328, 99.7640768289566, 194.45846086740494, 121.33736729621887, 85.43050467967987, 87.08837139606476, 439.5625149011612, 509.3645948767662, 251.73862612247467, 309.4503429532051, 843.7626806497574, 945.7653648853302, 316.53252828121185, 195.36204594373703, 79.14740979671478, 426.27744448184967, 1102.7221679091454, 407.5250128507614, 386.69956731796265, 210.33883905410767, 184.17868250608444, 223.77230495214462, 149.67438185214996, 216.46349984407425, 270.8280490040779, 360.48862886428833, 220.5485457777977, 350.7710891366005, 398.83468812704086, 365.24252235889435, 315.9851882457733, 281.0017321109772, 575.2076874375343, 252.15774154663086, 225.97894608974457, 177.49069154262543, 151.29886424541473, 264.6808862686157, 139.0439791083336, 174.61852258443832, 285.9686879515648, 284.016301214695, 206.28568589687347, 597.1736103892326, 959.0349539518356, 532.0396865606308, 777.9177832007408, 453.9407534599304, 285.84899777173996, 469.8722676038742, 274.92143243551254], ""calibration_queries"": 448, ""decision_step"": 511, ""fallback"": false, ""sink_tokens"": 4}",20.222164388280362,761.6113102226518,3.0022841751236014
I-h2-v2-mig-20261009-h2_sink_selection-s1,1,10356,"{""anchors"": [0, 1, 59, 63], ""attention_mass"": [51681.08290988207, 218371.04717099667, 240.23623061180115, 425.59993809461594, 168.70252692699432, 119.56072562932968, 73.74383819103241, 53.18896758556366, 74.48143291473389, 278.4742294549942, 107.93539309501648, 61.97464215755463, 221.3400410413742, 335.1491132378578, 140.29503482580185, 199.7004880309105, 72.66230446100235, 84.37034910917282, 96.63286191225052, 136.5568504333496, 92.33543729782104, 108.99061125516891, 127.12056249380112, 69.96222478151321, 87.62473422288895, 83.09641629457474, 96.50282293558121, 201.44193029403687, 93.32968920469284, 259.17854315042496, 105.91995429992676, 61.10250794887543, 63.82578653097153, 79.55716294050217, 95.48408031463623, 90.83163982629776, 123.49190437793732, 173.10466748476028, 135.28727400302887, 106.95348823070526, 72.81223744153976, 69.5177156329155, 78.2922231554985, 69.80496752262115, 110.21885627508163, 139.05153262615204, 124.59296244382858, 223.81077206134796, 212.7495694756508, 123.9629191160202, 83.10312032699585, 125.04773062467575, 225.74815958738327, 100.9327387213707, 49.33034700155258, 124.77612781524658, 103.68684405088425, 129.3062845468521, 740.5700360536575, 887.2097856998444, 274.6632877588272, 843.735753774643, 292.9216819405556, 885.7846809625626], ""calibration_queries"": 448, ""decision_step"": 511, ""fallback"": false, ""sink_tokens"": 4}",20.22113745380193,762.5796081889421,2.570025658218337
I-h2-v2-mig-20261009-h2_sink_selection-s1,1,10762,"{""anchors"": [0, 1, 21, 41], ""attention_mass"": [48841.937771081924, 230378.79794889688, 227.32511222362518, 337.0296053290367, 143.04435449838638, 88.62573438882828, 80.2551582455635, 82.10862958431244, 62.84385234117508, 102.2306918501854, 279.7416812777519, 387.7055895328522, 125.21121162176132, 141.47831577062607, 217.3786290884018, 148.3796883225441, 111.8872720003128, 98.5881861448288, 100.39717304706573, 133.66365498304367, 92.73049211502075, 14321.161633014679, 218.6253426671028, 100.21965438127518, 55.965536057949066, 126.1451176404953, 60.8823322057724, 368.11331725120544, 327.03087133169174, 366.5665253996849, 255.9953367114067, 220.2648120522499, 324.22205090522766, 389.4547299146652, 326.70801359415054, 239.33644497394562, 110.30053281784058, 133.10226088762283, 154.84847939014435, 462.1141188144684, 324.2380585074425, 1075.872105538845, 489.82442915439606, 237.43160617351532, 101.53420966863632, 240.345312833786, 184.02920746803284, 110.27222692966461, 907.2714395523071, 841.6362351775169, 503.08956718444824, 246.85249066352844, 608.1265920996666, 261.5286538004875, 283.72584956884384, 323.7466632127762, 166.53859037160873, 264.68883842229843, 436.7894338965416, 216.12213772535324, 347.18850016593933, 206.21806573867798, 413.86097425222397, 385.96842724084854], ""calibration_queries"": 448, ""decision_step"": 511, ""fallback"": false, ""sink_tokens"": 4}",20.2203338611871,762.5580943659879,3.0630668726113077
I-h2-v2-mig-20261009-h2_sink_selection-s1,1,12204,"{""anchors"": [0, 1, 53, 57], ""attention_mass"": [42357.01446866989, 193331.5625950694, 210.23757129907608, 334.28036361932755, 126.6168367266655, 121.2954689860344, 54.55007255077362, 96.39572793245316, 237.4143427014351, 336.2056897878647, 205.8904892206192, 247.87817817926407, 106.09631884098053, 77.644950568676, 301.4282010793686, 371.02990049123764, 284.7476850748062, 175.7792444229126, 148.5355930328369, 203.62814009189606, 94.19547820091248, 98.11125391721725, 349.0427063703537, 522.2311167120934, 307.22516679763794, 127.89780354499817, 334.8483228087425, 172.0012852549553, 345.27651357650757, 343.85836082696915, 383.15973740816116, 414.677454829216, 266.37827771902084, 259.5515156984329, 432.79731673002243, 334.4083408713341, 222.74358236789703, 163.11596739292145, 581.241148173809, 647.1902325153351, 355.43928575515747, 550.0868031382561, 346.5970426797867, 165.84050107002258, 301.299207508564, 567.0446776747704, 534.6261643767357, 220.04693043231964, 333.48741579055786, 314.2760221362114, 225.69599241018295, 304.3314499258995, 308.8080983757973, 831.5276090502739, 315.8711379170418, 223.08579421043396, 627.0904033780098, 648.840334892273, 441.0523034930229, 343.87058556079865, 194.05755227804184, 116.23982626199722, 352.5072881579399, 457.3091477751732], ""calibration_queries"": 448, ""decision_step"": 511, ""fallback"": false, ""sink_tokens"": 4}",20.183551555033773,330.1018810258247,1.9765726693739747
I-h2-v2-mig-20261009-h2_sink_selection-s1,1,15562,"{""anchors"": [0, 1, 62, 63], ""attention_mass"": [125329.16882270575, 125307.60932785273, 410.00151789188385, 137.94133704900742, 393.51995754241943, 172.24743235111237, 183.67257702350616, 106.6952468752861, 97.60629278421402, 75.81126922369003, 269.0317557454109, 290.6518201828003, 523.0372276902199, 167.45880895853043, 191.05967342853546, 113.05114024877548, 115.68245661258698, 86.63193261623383, 109.82203507423401, 110.19101411104202, 332.30568939447403, 251.97851014137268, 247.6666647195816, 311.0592898130417, 226.15035772323608, 169.66985774040222, 144.05018723011017, 137.8575314283371, 167.07966536283493, 123.51222467422485, 172.03223931789398, 84.90063840150833, 63.88902163505554, 54.13314247131348, 124.69765406847, 248.48879152536392, 231.80662924051285, 322.3715795278549, 238.22239118814468, 247.07678878307343, 162.13992714881897, 147.1907353401184, 187.64053189754486, 188.5378459095955, 198.5604346394539, 338.37257784605026, 124.01546531915665, 98.4053783416748, 132.23663717508316, 221.76954454183578, 98.08575242757797, 131.94708555936813, 84.50991398096085, 209.75838214159012, 193.59340691566467, 275.342198908329, 102.54883599281311, 179.6000748872757, 222.30759876966476, 188.01097911596298, 211.30656135082245, 413.1125802397728, 1284.4617712497711, 549.0804222822189], ""calibration_queries"": 448, ""decision_step"": 511, ""fallback"": false, ""sink_tokens"": 4}",20.385883196722716,768.2987369806506,2.2022872380567065
I-h2-v2-mig-20261009-h2_sink_selection-s1,1,22424,"{""anchors"": [0, 1, 52, 54], ""attention_mass"": [55900.29574406147, 226854.39746630192, 235.68516916036606, 380.25741547346115, 157.87202912569046, 125.0645363330841, 77.66971951723099, 72.20780891180038, 37.30597013235092, 72.44561076164246, 320.4732317328453, 323.6454025506973, 127.80410206317902, 142.91403955221176, 191.04708153009415, 133.7010355591774, 103.93179255723953, 92.18128561973572, 398.4102827310562, 492.4798740744591, 142.52360796928406, 504.6419743299484, 135.24271774291992, 265.85184156894684, 200.83347833156586, 156.15182775259018, 147.8814759850502, 186.22370553016663, 127.4599928855896, 251.50678610801697, 389.7984901666641, 205.87219727039337, 633.1747040748596, 260.4996659755707, 172.54512131214142, 259.678448677063, 121.2542371749878, 134.19645822048187, 175.0945846438408, 151.5377247929573, 196.47506606578827, 306.96559578180313, 183.70172703266144, 132.33784019947052, 169.77326476573944, 192.80711376667023, 246.6258618235588, 623.9814277291298, 532.5649674534798, 467.9008464217186, 289.1602963209152, 140.67284631729126, 1644.638907790184, 396.5888651609421, 872.9403521418571, 595.1076771616936, 460.1710782647133, 753.2185547351837, 446.86430341005325, 379.5723358988762, 314.57713520526886, 304.07575410604477, 325.78106862306595, 424.46502286195755], ""calibration_queries"": 448, ""decision_step"": 511, ""fallback"": false, ""sink_tokens"": 4}",20.342633310239762,767.2971764258109,2.2350242263743167
I-h2-v2-mig-20261009-h2_sink_selection-s1,1,24553,"{""anchors"": [0, 1, 24, 42], ""attention_mass"": [47961.16904318333, 211160.6282404065, 201.3019695878029, 337.6713357567787, 130.1389701962471, 88.39798527956009, 46.64606553316116, 221.3523934483528, 90.40874207019806, 42.695820450782776, 54.92877894639969, 54.923076927661896, 43.29939502477646, 218.9130465388298, 290.140257358551, 191.24451673030853, 126.090685069561, 168.417644739151, 96.40677416324615, 104.02470231056213, 83.3649171590805, 88.3913357257843, 161.96700620651245, 84.21338301897049, 14046.789107739925, 189.7703821659088, 113.17937284708023, 52.15182238817215, 108.95639157295227, 57.59955179691315, 381.67798203229904, 340.48299819231033, 344.608607172966, 246.45950788259506, 102.31323063373566, 267.1801764369011, 166.57748436927795, 92.90593421459198, 52.120638847351074, 57.47378098964691, 65.45017051696777, 346.9449741244316, 872.4900684952736, 364.2697144150734, 424.03985691070557, 219.88380658626556, 188.2744432091713, 184.34245389699936, 233.18484658002853, 130.59339892864227, 98.3621062040329, 284.85114896297455, 659.2171005010605, 295.494955599308, 266.3469433784485, 329.6102666258812, 269.3630339503288, 268.9308066368103, 262.4007325768471, 270.3798913359642, 237.5473636984825, 374.9741819500923, 309.26297783851624, 485.6320427060127], ""calibration_queries"": 448, ""decision_step"": 511, ""fallback"": false, ""sink_tokens"": 4}",20.360069706570357,769.0085235978477,2.641333116686435
I-h2-v2-mig-20261009-h2_sink_selection-s1,1,2544,"{""anchors"": [0, 1, 54, 56], ""attention_mass"": [43204.2011654973, 202877.4274984002, 189.37784898281097, 311.0168209075928, 136.29840326309204, 106.06021875143051, 80.84993648529053, 57.00090312957764, 63.83815634250641, 198.4917489886284, 316.6981219649315, 212.38584107160568, 173.28084808588028, 277.1126053929329, 135.1450360417366, 211.05634093284607, 341.2967344522476, 183.537475168705, 190.82108515501022, 512.7980019450188, 314.49596190452576, 206.7336409687996, 301.26204961538315, 150.00038039684296, 639.2985653281212, 368.908983707428, 273.4117926955223, 142.12298810482025, 664.3828335404396, 379.7084946632385, 394.5112285017967, 313.974205493927, 154.45431280136108, 248.37006264925003, 106.80881744623184, 197.4487180709839, 248.5654141306877, 143.97877991199493, 221.82313680648804, 489.2996059060097, 359.0177757740021, 413.36390483379364, 229.38935047388077, 134.18479025363922, 484.9528550505638, 294.2137488722801, 187.031933426857, 129.74868535995483, 206.64603006839752, 94.82632476091385, 317.08209204673767, 212.81730115413666, 133.19951784610748, 471.0551995038986, 1209.0093497633934, 519.8786737322807, 844.2131077051163, 412.23393017053604, 370.5945627093315, 222.4462081193924, 127.75465470552444, 90.22469002008438, 352.0872355103493, 408.47448790073395], ""calibration_queries"": 448, ""decision_step"": 511, ""fallback"": false, ""sink_tokens"": 4}",20.31932962546125,768.3616086319089,2.5053981994899934
I-h2-v2-mig-20261009-h2_sink_selection-s1,1,25646,"{""anchors"": [0, 1, 24, 43], ""attention_mass"": [46459.60794579983, 220977.19962447882, 255.67608708143234, 395.97887194156647, 166.42308449745178, 107.36688303947449, 53.342853009700775, 249.06449508666992, 86.48051017522812, 44.12134671211243, 123.05218678712845, 73.97219955921173, 70.86412161588669, 192.71412861347198, 295.5667017698288, 252.6024300456047, 141.7999477982521, 179.02631443738937, 110.68556278944016, 127.50495636463165, 89.90862739086151, 104.16526061296463, 181.2631966471672, 92.27826792001724, 14435.762250840664, 206.65303832292557, 124.66113179922104, 64.74352586269379, 124.3778088092804, 67.97709101438522, 429.7286040186882, 294.07215547561646, 460.71216279268265, 284.8028602004051, 514.0739288330078, 339.4771853685379, 357.0758232474327, 188.08934462070465, 808.2050579190254, 220.96183794736862, 171.9657887816429, 704.4430567026138, 780.5603627562523, 1304.6118530631065, 480.7912839651108, 179.73866379261017, 624.9391222000122, 186.73984944820404, 242.48750442266464, 123.52783918380737, 273.24186915159225, 236.28270721435547, 91.22974717617035, 281.9265378713608, 359.0723201036453, 222.55651772022247, 197.3167198896408, 167.57670956850052, 244.9801203608513, 229.97307306528091, 250.46949422359467, 335.74484676122665, 896.4482764601707, 898.9438083171844], ""calibration_queries"": 448, ""decision_step"": 511, ""fallback"": false, ""sink_tokens"": 4}",20.34697275282815,766.8219501920976,1.8814226070540438
I-h2-v2-mig-20261009-h2_sink_selection-s2,2,10146,"{""anchors"": [0, 1, 5, 49], ""attention_mass"": [60393.869679272175, 204607.28550952673, 229.57026726007462, 120.3638042807579, 324.65954715013504, 694.2447633743286, 439.85045742988586, 169.13826829195023, 120.65987205505371, 499.0834810733795, 210.2122694849968, 167.18364149332047, 138.2317128777504, 56.54382038116455, 63.670100688934326, 49.27461123466492, 81.41201305389404, 222.93029445409775, 273.7138521075249, 138.14857649803162, 87.56521135568619, 108.38795810937881, 142.4524701833725, 138.57040280103683, 240.56022214889526, 93.03148984909058, 109.16658514738083, 110.78881895542145, 142.6591174006462, 93.86729365587234, 324.6348030567169, 377.983319401741, 177.3965144753456, 84.8939625620842, 100.07679980993271, 104.38059252500534, 389.7198702096939, 264.9093065857887, 209.0952935218811, 145.0545333623886, 84.88706421852112, 516.362907230854, 170.17483776807785, 421.1990639567375, 304.23785251379013, 187.5515148639679, 387.3105067014694, 108.02997887134552, 483.0800879597664, 571.8946412801743, 515.4637286067009, 266.51982271671295, 360.91567945480347, 270.9774304628372, 439.389376103878, 244.2192458510399, 270.83900517225266, 293.14820951223373, 250.6521933078766, 259.6799085140228, 388.37608855962753, 420.40577244758606, 408.2299482226372, 219.25624650716782], ""calibration_queries"": 448, ""decision_step"": 511, ""fallback"": false, ""sink_tokens"": 4}",20.367598239332438,766.8626451389864,2.2224544057733437
I-h2-v2-mig-20261009-h2_sink_selection-s2,2,10321,"{""anchors"": [0, 1, 29, 57], ""attention_mass"": [60298.68593609333, 224449.92084676027, 240.6219722032547, 368.68224477767944, 139.93867135047913, 147.01374822854996, 89.87434661388397, 49.76043438911438, 55.34719669818878, 241.98780983686447, 87.34426701068878, 74.50609064102173, 80.83720177412033, 219.1845463514328, 99.7640768289566, 194.45846086740494, 121.33736729621887, 85.43050467967987, 87.08837139606476, 439.5625149011612, 509.3645948767662, 251.73862612247467, 309.4503429532051, 843.7626806497574, 945.7653648853302, 316.53252828121185, 195.36204594373703, 79.14740979671478, 426.27744448184967, 1102.7221679091454, 407.5250128507614, 386.69956731796265, 210.33883905410767, 184.17868250608444, 223.77230495214462, 149.67438185214996, 216.46349984407425, 270.8280490040779, 360.48862886428833, 220.5485457777977, 350.7710891366005, 398.83468812704086, 365.24252235889435, 315.9851882457733, 281.0017321109772, 575.2076874375343, 252.15774154663086, 225.97894608974457, 177.49069154262543, 151.29886424541473, 264.6808862686157, 139.0439791083336, 174.61852258443832, 285.9686879515648, 284.016301214695, 206.28568589687347, 597.1736103892326, 959.0349539518356, 532.0396865606308, 777.9177832007408, 453.9407534599304, 285.84899777173996, 469.8722676038742, 274.92143243551254], ""calibration_queries"": 448, ""decision_step"": 511, ""fallback"": false, ""sink_tokens"": 4}",20.325799730606377,765.1012612441555,3.0022841751236014
I-h2-v2-mig-20261009-h2_sink_selection-s2,2,10356,"{""anchors"": [0, 1, 59, 63], ""attention_mass"": [51681.08290988207, 218371.04717099667, 240.23623061180115, 425.59993809461594, 168.70252692699432, 119.56072562932968, 73.74383819103241, 53.18896758556366, 74.48143291473389, 278.4742294549942, 107.93539309501648, 61.97464215755463, 221.3400410413742, 335.1491132378578, 140.29503482580185, 199.7004880309105, 72.66230446100235, 84.37034910917282, 96.63286191225052, 136.5568504333496, 92.33543729782104, 108.99061125516891, 127.12056249380112, 69.96222478151321, 87.62473422288895, 83.09641629457474, 96.50282293558121, 201.44193029403687, 93.32968920469284, 259.17854315042496, 105.91995429992676, 61.10250794887543, 63.82578653097153, 79.55716294050217, 95.48408031463623, 90.83163982629776, 123.49190437793732, 173.10466748476028, 135.28727400302887, 106.95348823070526, 72.81223744153976, 69.5177156329155, 78.2922231554985, 69.80496752262115, 110.21885627508163, 139.05153262615204, 124.59296244382858, 223.81077206134796, 212.7495694756508, 123.9629191160202, 83.10312032699585, 125.04773062467575, 225.74815958738327, 100.9327387213707, 49.33034700155258, 124.77612781524658, 103.68684405088425, 129.3062845468521, 740.5700360536575, 887.2097856998444, 274.6632877588272, 843.735753774643, 292.9216819405556, 885.7846809625626], ""calibration_queries"": 448, ""decision_step"": 511, ""fallback"": false, ""sink_tokens"": 4}",20.330325552262366,765.8917907192372,2.570025658218337
I-h2-v2-mig-20261009-h2_sink_selection-s2,2,10762,"{""anchors"": [0, 1, 21, 41], ""attention_mass"": [48841.937771081924, 230378.79794889688, 227.32511222362518, 337.0296053290367, 143.04435449838638, 88.62573438882828, 80.2551582455635, 82.10862958431244, 62.84385234117508, 102.2306918501854, 279.7416812777519, 387.7055895328522, 125.21121162176132, 141.47831577062607, 217.3786290884018, 148.3796883225441, 111.8872720003128, 98.5881861448288, 100.39717304706573, 133.66365498304367, 92.73049211502075, 14321.161633014679, 218.6253426671028, 100.21965438127518, 55.965536057949066, 126.1451176404953, 60.8823322057724, 368.11331725120544, 327.03087133169174, 366.5665253996849, 255.9953367114067, 220.2648120522499, 324.22205090522766, 389.4547299146652, 326.70801359415054, 239.33644497394562, 110.30053281784058, 133.10226088762283, 154.84847939014435, 462.1141188144684, 324.2380585074425, 1075.872105538845, 489.82442915439606, 237.43160617351532, 101.53420966863632, 240.345312833786, 184.02920746803284, 110.27222692966461, 907.2714395523071, 841.6362351775169, 503.08956718444824, 246.85249066352844, 608.1265920996666, 261.5286538004875, 283.72584956884384, 323.7466632127762, 166.53859037160873, 264.68883842229843, 436.7894338965416, 216.12213772535324, 347.18850016593933, 206.21806573867798, 413.86097425222397, 385.96842724084854], ""calibration_queries"": 448, ""decision_step"": 511, ""fallback"": false, ""sink_tokens"": 4}",20.336562605574727,765.5993854999542,3.0630668726113077
I-h2-v2-mig-20261009-h2_sink_selection-s2,2,12204,"{""anchors"": [0, 1, 53, 57], ""attention_mass"": [42357.01446866989, 193331.5625950694, 210.23757129907608, 334.28036361932755, 126.6168367266655, 121.2954689860344, 54.55007255077362, 96.39572793245316, 237.4143427014351, 336.2056897878647, 205.8904892206192, 247.87817817926407, 106.09631884098053, 77.644950568676, 301.4282010793686, 371.02990049123764, 284.7476850748062, 175.7792444229126, 148.5355930328369, 203.62814009189606, 94.19547820091248, 98.11125391721725, 349.0427063703537, 522.2311167120934, 307.22516679763794, 127.89780354499817, 334.8483228087425, 172.0012852549553, 345.27651357650757, 343.85836082696915, 383.15973740816116, 414.677454829216, 266.37827771902084, 259.5515156984329, 432.79731673002243, 334.4083408713341, 222.74358236789703, 163.11596739292145, 581.241148173809, 647.1902325153351, 355.43928575515747, 550.0868031382561, 346.5970426797867, 165.84050107002258, 301.299207508564, 567.0446776747704, 534.6261643767357, 220.04693043231964, 333.48741579055786, 314.2760221362114, 225.69599241018295, 304.3314499258995, 308.8080983757973, 831.5276090502739, 315.8711379170418, 223.08579421043396, 627.0904033780098, 648.840334892273, 441.0523034930229, 343.87058556079865, 194.05755227804184, 116.23982626199722, 352.5072881579399, 457.3091477751732], ""calibration_queries"": 448, ""decision_step"": 511, ""fallback"": false, ""sink_tokens"": 4}",20.319899949710816,331.76249661296606,1.9765726693739747
I-h2-v2-mig-20261009-h2_sink_selection-s2,2,15562,"{""anchors"": [0, 1, 62, 63], ""attention_mass"": [125329.16882270575, 125307.60932785273, 410.00151789188385, 137.94133704900742, 393.51995754241943, 172.24743235111237, 183.67257702350616, 106.6952468752861, 97.60629278421402, 75.81126922369003, 269.0317557454109, 290.6518201828003, 523.0372276902199, 167.45880895853043, 191.05967342853546, 113.05114024877548, 115.68245661258698, 86.63193261623383, 109.82203507423401, 110.19101411104202, 332.30568939447403, 251.97851014137268, 247.6666647195816, 311.0592898130417, 226.15035772323608, 169.66985774040222, 144.05018723011017, 137.8575314283371, 167.07966536283493, 123.51222467422485, 172.03223931789398, 84.90063840150833, 63.88902163505554, 54.13314247131348, 124.69765406847, 248.48879152536392, 231.80662924051285, 322.3715795278549, 238.22239118814468, 247.07678878307343, 162.13992714881897, 147.1907353401184, 187.64053189754486, 188.5378459095955, 198.5604346394539, 338.37257784605026, 124.01546531915665, 98.4053783416748, 132.23663717508316, 221.76954454183578, 98.08575242757797, 131.94708555936813, 84.50991398096085, 209.75838214159012, 193.59340691566467, 275.342198908329, 102.54883599281311, 179.6000748872757, 222.30759876966476, 188.01097911596298, 211.30656135082245, 413.1125802397728, 1284.4617712497711, 549.0804222822189], ""calibration_queries"": 448, ""decision_step"": 511, ""fallback"": false, ""sink_tokens"": 4}",20.33220773516223,766.8023136639968,2.2022872380567065
I-h2-v2-mig-20261009-h2_sink_selection-s2,2,22424,"{""anchors"": [0, 1, 52, 54], ""attention_mass"": [55900.29574406147, 226854.39746630192, 235.68516916036606, 380.25741547346115, 157.87202912569046, 125.0645363330841, 77.66971951723099, 72.20780891180038, 37.30597013235092, 72.44561076164246, 320.4732317328453, 323.6454025506973, 127.80410206317902, 142.91403955221176, 191.04708153009415, 133.7010355591774, 103.93179255723953, 92.18128561973572, 398.4102827310562, 492.4798740744591, 142.52360796928406, 504.6419743299484, 135.24271774291992, 265.85184156894684, 200.83347833156586, 156.15182775259018, 147.8814759850502, 186.22370553016663, 127.4599928855896, 251.50678610801697, 389.7984901666641, 205.87219727039337, 633.1747040748596, 260.4996659755707, 172.54512131214142, 259.678448677063, 121.2542371749878, 134.19645822048187, 175.0945846438408, 151.5377247929573, 196.47506606578827, 306.96559578180313, 183.70172703266144, 132.33784019947052, 169.77326476573944, 192.80711376667023, 246.6258618235588, 623.9814277291298, 532.5649674534798, 467.9008464217186, 289.1602963209152, 140.67284631729126, 1644.638907790184, 396.5888651609421, 872.9403521418571, 595.1076771616936, 460.1710782647133, 753.2185547351837, 446.86430341005325, 379.5723358988762, 314.57713520526886, 304.07575410604477, 325.78106862306595, 424.46502286195755], ""calibration_queries"": 448, ""decision_step"": 511, ""fallback"": false, ""sink_tokens"": 4}",20.56604057410732,772.8658336219378,2.2350242263743167
I-h2-v2-mig-20261009-h2_sink_selection-s2,2,24553,"{""anchors"": [0, 1, 24, 42], ""attention_mass"": [47961.16904318333, 211160.6282404065, 201.3019695878029, 337.6713357567787, 130.1389701962471, 88.39798527956009, 46.64606553316116, 221.3523934483528, 90.40874207019806, 42.695820450782776, 54.92877894639969, 54.923076927661896, 43.29939502477646, 218.9130465388298, 290.140257358551, 191.24451673030853, 126.090685069561, 168.417644739151, 96.40677416324615, 104.02470231056213, 83.3649171590805, 88.3913357257843, 161.96700620651245, 84.21338301897049, 14046.789107739925, 189.7703821659088, 113.17937284708023, 52.15182238817215, 108.95639157295227, 57.59955179691315, 381.67798203229904, 340.48299819231033, 344.608607172966, 246.45950788259506, 102.31323063373566, 267.1801764369011, 166.57748436927795, 92.90593421459198, 52.120638847351074, 57.47378098964691, 65.45017051696777, 346.9449741244316, 872.4900684952736, 364.2697144150734, 424.03985691070557, 219.88380658626556, 188.2744432091713, 184.34245389699936, 233.18484658002853, 130.59339892864227, 98.3621062040329, 284.85114896297455, 659.2171005010605, 295.494955599308, 266.3469433784485, 329.6102666258812, 269.3630339503288, 268.9308066368103, 262.4007325768471, 270.3798913359642, 237.5473636984825, 374.9741819500923, 309.26297783851624, 485.6320427060127], ""calibration_queries"": 448, ""decision_step"": 511, ""fallback"": false, ""sink_tokens"": 4}",20.560479065403342,772.7270969538949,2.641333116686435
I-h2-v2-mig-20261009-h2_sink_selection-s2,2,2544,"{""anchors"": [0, 1, 54, 56], ""attention_mass"": [43204.2011654973, 202877.4274984002, 189.37784898281097, 311.0168209075928, 136.29840326309204, 106.06021875143051, 80.84993648529053, 57.00090312957764, 63.83815634250641, 198.4917489886284, 316.6981219649315, 212.38584107160568, 173.28084808588028, 277.1126053929329, 135.1450360417366, 211.05634093284607, 341.2967344522476, 183.537475168705, 190.82108515501022, 512.7980019450188, 314.49596190452576, 206.7336409687996, 301.26204961538315, 150.00038039684296, 639.2985653281212, 368.908983707428, 273.4117926955223, 142.12298810482025, 664.3828335404396, 379.7084946632385, 394.5112285017967, 313.974205493927, 154.45431280136108, 248.37006264925003, 106.80881744623184, 197.4487180709839, 248.5654141306877, 143.97877991199493, 221.82313680648804, 489.2996059060097, 359.0177757740021, 413.36390483379364, 229.38935047388077, 134.18479025363922, 484.9528550505638, 294.2137488722801, 187.031933426857, 129.74868535995483, 206.64603006839752, 94.82632476091385, 317.08209204673767, 212.81730115413666, 133.19951784610748, 471.0551995038986, 1209.0093497633934, 519.8786737322807, 844.2131077051163, 412.23393017053604, 370.5945627093315, 222.4462081193924, 127.75465470552444, 90.22469002008438, 352.0872355103493, 408.47448790073395], ""calibration_queries"": 448, ""decision_step"": 511, ""fallback"": false, ""sink_tokens"": 4}",20.530648079700768,772.4040055242367,2.5053981994899934
I-h2-v2-mig-20261009-h2_sink_selection-s2,2,25646,"{""anchors"": [0, 1, 24, 43], ""attention_mass"": [46459.60794579983, 220977.19962447882, 255.67608708143234, 395.97887194156647, 166.42308449745178, 107.36688303947449, 53.342853009700775, 249.06449508666992, 86.48051017522812, 44.12134671211243, 123.05218678712845, 73.97219955921173, 70.86412161588669, 192.71412861347198, 295.5667017698288, 252.6024300456047, 141.7999477982521, 179.02631443738937, 110.68556278944016, 127.50495636463165, 89.90862739086151, 104.16526061296463, 181.2631966471672, 92.27826792001724, 14435.762250840664, 206.65303832292557, 124.66113179922104, 64.74352586269379, 124.3778088092804, 67.97709101438522, 429.7286040186882, 294.07215547561646, 460.71216279268265, 284.8028602004051, 514.0739288330078, 339.4771853685379, 357.0758232474327, 188.08934462070465, 808.2050579190254, 220.96183794736862, 171.9657887816429, 704.4430567026138, 780.5603627562523, 1304.6118530631065, 480.7912839651108, 179.73866379261017, 624.9391222000122, 186.73984944820404, 242.48750442266464, 123.52783918380737, 273.24186915159225, 236.28270721435547, 91.22974717617035, 281.9265378713608, 359.0723201036453, 222.55651772022247, 197.3167198896408, 167.57670956850052, 244.9801203608513, 229.97307306528091, 250.46949422359467, 335.74484676122665, 896.4482764601707, 898.9438083171844], ""calibration_queries"": 448, ""decision_step"": 511, ""fallback"": false, ""sink_tokens"": 4}",20.530783945228904,771.7073162142187,1.8814226070540438
