book_id,baseline_nll,candidate_nll,delta,seed_delta_min,seed_delta_max,scored_tokens
10146,3.0544324157796967,2.2227205363871443,-0.8317118793925524,-0.8317118793925524,-0.8317118793925524,15358
10321,3.704848213195317,3.0020115317066796,-0.7028366814886375,-0.7028366814886375,-0.7028366814886375,15358
10356,3.264874557298775,2.570338553484098,-0.6945360038146768,-0.6945360038146768,-0.6945360038146768,15358
10762,3.7226344109701626,3.0630839281703413,-0.6595504827998213,-0.6595504827998213,-0.6595504827998213,15358
12204,2.7663638510903623,1.9764106347959018,-0.7899532162944602,-0.7899532162944602,-0.7899532162944602,6115
15562,2.9164001978730867,2.202055878686302,-0.7143443191867846,-0.7143443191867846,-0.7143443191867846,15358
22424,2.939753227372053,2.2342018523819567,-0.7055513749900957,-0.7055513749900957,-0.7055513749900957,15358
24553,3.402427840552916,2.641160598973534,-0.761267241579382,-0.761267241579382,-0.761267241579382,15358
2544,3.2479012238956693,2.5054618944405815,-0.7424393294550877,-0.7424393294550877,-0.7424393294550877,15358
25646,2.4967141219464075,1.881346477974498,-0.6153676439719096,-0.6153676439719096,-0.6153676439719096,15358
