claim_id,role,value,run_id,source_commit,config_path,metrics_path,raw_path,result_sha256
D-W0-20261008,measured_single_book_diagnostic,5.450577736883166,D-W0-20261008,77189031bef89f292934b1cdab8e687b0aae6e49,runs/D-W0-20261008/config_used.json,runs/D-W0-20261008/result.json,runs/D-W0-20261008/books/10146/position_nll.npz,9bf8ddb2edf5c1d8372c93e2eb289edd31791aa911550785e5cdac73ea365166
D-S0-20261008,measured_single_book_diagnostic,5.292458268578228,D-S0-20261008,77189031bef89f292934b1cdab8e687b0aae6e49,runs/D-S0-20261008/config_used.json,runs/D-S0-20261008/result.json,runs/D-S0-20261008/books/10146/position_nll.npz,4383a4485fe5c0b8740b9a28cb2a5c413a64ae33691b087a53caddb79a4ef708
D-W1-20261008,measured_single_book_diagnostic,3.0511289979536267,D-W1-20261008,77189031bef89f292934b1cdab8e687b0aae6e49,runs/D-W1-20261008/config_used.json,runs/D-W1-20261008/result.json,runs/D-W1-20261008/books/10146/position_nll.npz,31c825d25ea7a0fbb6b9dd4957015e94f34ccead737b57b1e3b925b44cf90402
D-S1-20261008,measured_single_book_diagnostic,2.2236811565931265,D-S1-20261008,77189031bef89f292934b1cdab8e687b0aae6e49,runs/D-S1-20261008/config_used.json,runs/D-S1-20261008/result.json,runs/D-S1-20261008/books/10146/position_nll.npz,ea903b2374e6c90d0243b98c9b352a92d65e8693f6a3ee534b87b8f5e66f08c2
central_claim,complete,supported,see final_input_manifest,see per-run metadata,configs/reproduction_matrix.yaml,results/reproduction/paired_result.json,see final_input_manifest,3f056e4799d264be3d95b717ec5d2f51184582b880bad91f7ec6b6107b320740
ablations/h1_calibration_control,pending,not yet evaluated,see final_input_manifest,see raw_artifact_index.csv,see per-run config_used.json,results/ablations/h1_calibration_control/status.json,results/raw_artifact_index.csv,c1897409daa659e467d352fcde9012cf1fa6533a4326afd623e3cf432e1fca79
ablations/h1_fixed_sink,pending,not yet evaluated,see final_input_manifest,see raw_artifact_index.csv,see per-run config_used.json,results/ablations/h1_fixed_sink/status.json,results/raw_artifact_index.csv,1ee9f1fa2f812b3e58db5b7811b2831996b80cb52511547ea30a3822b338b4c7
ablations/h2_h2_forced_prefix,pending,not yet evaluated,see final_input_manifest,see raw_artifact_index.csv,see per-run config_used.json,results/ablations/h2_h2_forced_prefix/status.json,results/raw_artifact_index.csv,9d1765a5a159ab11cd14c47d996b19d78b95e650a8952f5216312db2ee03e647
ablations/h2_random_anchors,pending,not yet evaluated,see final_input_manifest,see raw_artifact_index.csv,see per-run config_used.json,results/ablations/h2_random_anchors/status.json,results/raw_artifact_index.csv,2f7a4c2a1130a85157bfcde1d829d76956f8a994fa5c83e510a94f7cfe0037b3
