run_id,phase,method,seed,book_id,input_tokens,scored_tokens,source_commit,numerical_source_sha256,device_uuid,config_path,result_path,result_sha256,metrics_path,metrics_sha256,raw_path,raw_sha256
D-S0-20261008,diagnostic,streaming,0,10146,4096,3070,77189031bef89f292934b1cdab8e687b0aae6e49,e0fc2824fda48faa2a7095c3621724c1bdf76a817c512186ef73cc7e85b4cb71,legacy metadata,runs/D-S0-20261008/config_used.json,runs/D-S0-20261008/result.json,4383a4485fe5c0b8740b9a28cb2a5c413a64ae33691b087a53caddb79a4ef708,runs/D-S0-20261008/books/10146/metrics.json,ba52c764694c73fb588976c35cb88efa1178bc71e9b083d008cf5e81c77d7a88,runs/D-S0-20261008/books/10146/position_nll.npz,625d8899b5c724f609750b1eab3931e3b2766ab18abea644957c9bc7969aa2aa
D-S1-20261008,diagnostic,streaming,0,10146,4096,3070,77189031bef89f292934b1cdab8e687b0aae6e49,e0fc2824fda48faa2a7095c3621724c1bdf76a817c512186ef73cc7e85b4cb71,legacy metadata,runs/D-S1-20261008/config_used.json,runs/D-S1-20261008/result.json,ea903b2374e6c90d0243b98c9b352a92d65e8693f6a3ee534b87b8f5e66f08c2,runs/D-S1-20261008/books/10146/metrics.json,8fb0d75b640075c79e63a314482ff2bbf0b28c1f2673a5f45d02c0c0a1831d6b,runs/D-S1-20261008/books/10146/position_nll.npz,a645cdc4ec2846c0048f575984cd6dfbd3f0c4cf81032ef35aa535ad2b282869
D-W0-20261008,diagnostic,window,0,10146,4096,3070,77189031bef89f292934b1cdab8e687b0aae6e49,e0fc2824fda48faa2a7095c3621724c1bdf76a817c512186ef73cc7e85b4cb71,legacy metadata,runs/D-W0-20261008/config_used.json,runs/D-W0-20261008/result.json,9bf8ddb2edf5c1d8372c93e2eb289edd31791aa911550785e5cdac73ea365166,runs/D-W0-20261008/books/10146/metrics.json,251eafff976c93aea9d9626b78175b1588fdc34e7a0ed36190c2234f9e25220b,runs/D-W0-20261008/books/10146/position_nll.npz,27c566f1331d3cacf175e1aa25d70a5eb1211fcfd72970fae5bbc5ca8fa1c6b9
D-W1-20261008,diagnostic,window,0,10146,4096,3070,77189031bef89f292934b1cdab8e687b0aae6e49,e0fc2824fda48faa2a7095c3621724c1bdf76a817c512186ef73cc7e85b4cb71,legacy metadata,runs/D-W1-20261008/config_used.json,runs/D-W1-20261008/result.json,31c825d25ea7a0fbb6b9dd4957015e94f34ccead737b57b1e3b925b44cf90402,runs/D-W1-20261008/books/10146/metrics.json,9e4104acc7e8438a9c24a919ed5fec2cea4b5a8dde98d32e850209a9e2382be4,runs/D-W1-20261008/books/10146/position_nll.npz,346a17f315d6b7c4c70c6ac5c1d984ce2f769bfe1fd1940f9e500c1baefffbe4
R-v2-mig-20261009-streaming-s0,reproduction,streaming,0,10146,16384,15358,61815385e46d0b47c80460fbc686b5fbef611a89,a6dbe103b2e9416295807cd481a9ff1660fbfede9c26b68e7db65d230e6229ef,MIG-e6fc2d29-df53-531c-bfda-84767274c8a2,runs/R-v2-mig-20261009-streaming-s0/config_used.json,runs/R-v2-mig-20261009-streaming-s0/result.json,4b3feca009d688f96d0c61b0c866e8d5fd665e150dfcff4f21eaf72dc138f6e7,runs/R-v2-mig-20261009-streaming-s0/books/10146/metrics.json,0eb3dca0a3a4e6f54db16c3370d98a7bf40baa1d6d71b855339c48ecd6f293cb,runs/R-v2-mig-20261009-streaming-s0/books/10146/position_nll.npz,5fb88bf833d965ee54170bd4ac0f94e35872e22361a6f66fd48e5fbfb5ddc0ba
R-v2-mig-20261009-streaming-s0,reproduction,streaming,0,10321,16384,15358,61815385e46d0b47c80460fbc686b5fbef611a89,a6dbe103b2e9416295807cd481a9ff1660fbfede9c26b68e7db65d230e6229ef,MIG-e6fc2d29-df53-531c-bfda-84767274c8a2,runs/R-v2-mig-20261009-streaming-s0/config_used.json,runs/R-v2-mig-20261009-streaming-s0/result.json,4b3feca009d688f96d0c61b0c866e8d5fd665e150dfcff4f21eaf72dc138f6e7,runs/R-v2-mig-20261009-streaming-s0/books/10321/metrics.json,41e4de0487563638519d85b585df241b09b39f418c3c69d392b387d0a731431b,runs/R-v2-mig-20261009-streaming-s0/books/10321/position_nll.npz,7900df0b3a30c774fe08044daf412f2a45f85d62166b8c7cb35a213a9e90f992
R-v2-mig-20261009-streaming-s0,reproduction,streaming,0,10356,16384,15358,61815385e46d0b47c80460fbc686b5fbef611a89,a6dbe103b2e9416295807cd481a9ff1660fbfede9c26b68e7db65d230e6229ef,MIG-e6fc2d29-df53-531c-bfda-84767274c8a2,runs/R-v2-mig-20261009-streaming-s0/config_used.json,runs/R-v2-mig-20261009-streaming-s0/result.json,4b3feca009d688f96d0c61b0c866e8d5fd665e150dfcff4f21eaf72dc138f6e7,runs/R-v2-mig-20261009-streaming-s0/books/10356/metrics.json,36b50b54ebbef1958f748e5ba33686fe322a6a0cdd43f6bae19e356903a73182,runs/R-v2-mig-20261009-streaming-s0/books/10356/position_nll.npz,72e1643f1d4761ab7fdbe9717c76a149518c07639ede871c8960b26f994a82f2
R-v2-mig-20261009-streaming-s0,reproduction,streaming,0,10762,16384,15358,61815385e46d0b47c80460fbc686b5fbef611a89,a6dbe103b2e9416295807cd481a9ff1660fbfede9c26b68e7db65d230e6229ef,MIG-e6fc2d29-df53-531c-bfda-84767274c8a2,runs/R-v2-mig-20261009-streaming-s0/config_used.json,runs/R-v2-mig-20261009-streaming-s0/result.json,4b3feca009d688f96d0c61b0c866e8d5fd665e150dfcff4f21eaf72dc138f6e7,runs/R-v2-mig-20261009-streaming-s0/books/10762/metrics.json,47c431014a00c4abce4303bf2a48a8727a148617a830e2f5019eafb6887272d4,runs/R-v2-mig-20261009-streaming-s0/books/10762/position_nll.npz,5b359f1ddef6278ae03bedf2b38940f3a5e8b3e265d4dc16cc654a447717a4ef
R-v2-mig-20261009-streaming-s0,reproduction,streaming,0,12204,7141,6115,61815385e46d0b47c80460fbc686b5fbef611a89,a6dbe103b2e9416295807cd481a9ff1660fbfede9c26b68e7db65d230e6229ef,MIG-e6fc2d29-df53-531c-bfda-84767274c8a2,runs/R-v2-mig-20261009-streaming-s0/config_used.json,runs/R-v2-mig-20261009-streaming-s0/result.json,4b3feca009d688f96d0c61b0c866e8d5fd665e150dfcff4f21eaf72dc138f6e7,runs/R-v2-mig-20261009-streaming-s0/books/12204/metrics.json,15701799adebdb25aec26c74171f52e6e466d675934675a3ed6ed3041cfc4b54,runs/R-v2-mig-20261009-streaming-s0/books/12204/position_nll.npz,148230956f1265966fb6086ca7db7e2f2ba8bafd2605d25808952a28466dac0c
R-v2-mig-20261009-streaming-s0,reproduction,streaming,0,15562,16384,15358,61815385e46d0b47c80460fbc686b5fbef611a89,a6dbe103b2e9416295807cd481a9ff1660fbfede9c26b68e7db65d230e6229ef,MIG-e6fc2d29-df53-531c-bfda-84767274c8a2,runs/R-v2-mig-20261009-streaming-s0/config_used.json,runs/R-v2-mig-20261009-streaming-s0/result.json,4b3feca009d688f96d0c61b0c866e8d5fd665e150dfcff4f21eaf72dc138f6e7,runs/R-v2-mig-20261009-streaming-s0/books/15562/metrics.json,2eec012c702b0bea765a03e5655ad9bbb6b84b8df882b9882fc1f9172817a820,runs/R-v2-mig-20261009-streaming-s0/books/15562/position_nll.npz,b10e4f56cd04ce15cb6d37225426ba9ce7875112a9d99f32c02427122a18eddb
R-v2-mig-20261009-streaming-s0,reproduction,streaming,0,22424,16384,15358,61815385e46d0b47c80460fbc686b5fbef611a89,a6dbe103b2e9416295807cd481a9ff1660fbfede9c26b68e7db65d230e6229ef,MIG-e6fc2d29-df53-531c-bfda-84767274c8a2,runs/R-v2-mig-20261009-streaming-s0/config_used.json,runs/R-v2-mig-20261009-streaming-s0/result.json,4b3feca009d688f96d0c61b0c866e8d5fd665e150dfcff4f21eaf72dc138f6e7,runs/R-v2-mig-20261009-streaming-s0/books/22424/metrics.json,0a703e60a11237ac06f1fe7b3e7e2fcf839b4c09c5f69337b26c00df243f667c,runs/R-v2-mig-20261009-streaming-s0/books/22424/position_nll.npz,31d4bf80df28c0ec6099a954eaf3eef2fca3a428e4d7c920411882070b98c20d
R-v2-mig-20261009-streaming-s0,reproduction,streaming,0,24553,16384,15358,61815385e46d0b47c80460fbc686b5fbef611a89,a6dbe103b2e9416295807cd481a9ff1660fbfede9c26b68e7db65d230e6229ef,MIG-e6fc2d29-df53-531c-bfda-84767274c8a2,runs/R-v2-mig-20261009-streaming-s0/config_used.json,runs/R-v2-mig-20261009-streaming-s0/result.json,4b3feca009d688f96d0c61b0c866e8d5fd665e150dfcff4f21eaf72dc138f6e7,runs/R-v2-mig-20261009-streaming-s0/books/24553/metrics.json,6a1cf37f384f97b909d228ec1966e4bd51d26b50481df133a8d86a47449dd816,runs/R-v2-mig-20261009-streaming-s0/books/24553/position_nll.npz,57295a60fa2305edc52b905b3ace94bf229df5a99a7ddb7d64be10cb769d0510
R-v2-mig-20261009-streaming-s0,reproduction,streaming,0,2544,16384,15358,61815385e46d0b47c80460fbc686b5fbef611a89,a6dbe103b2e9416295807cd481a9ff1660fbfede9c26b68e7db65d230e6229ef,MIG-e6fc2d29-df53-531c-bfda-84767274c8a2,runs/R-v2-mig-20261009-streaming-s0/config_used.json,runs/R-v2-mig-20261009-streaming-s0/result.json,4b3feca009d688f96d0c61b0c866e8d5fd665e150dfcff4f21eaf72dc138f6e7,runs/R-v2-mig-20261009-streaming-s0/books/2544/metrics.json,77acc3e2f5070ac110603bb3b0d758fac0432b797345b80b4cdd6af44357b478,runs/R-v2-mig-20261009-streaming-s0/books/2544/position_nll.npz,a320060f78e3351f17f0181a45ca314c8514c7998d363186ab60a6732a0691af
R-v2-mig-20261009-streaming-s0,reproduction,streaming,0,25646,16384,15358,61815385e46d0b47c80460fbc686b5fbef611a89,a6dbe103b2e9416295807cd481a9ff1660fbfede9c26b68e7db65d230e6229ef,MIG-e6fc2d29-df53-531c-bfda-84767274c8a2,runs/R-v2-mig-20261009-streaming-s0/config_used.json,runs/R-v2-mig-20261009-streaming-s0/result.json,4b3feca009d688f96d0c61b0c866e8d5fd665e150dfcff4f21eaf72dc138f6e7,runs/R-v2-mig-20261009-streaming-s0/books/25646/metrics.json,22835595859c6d95970afb5ab15064de8f89316cbe6a2072eeeac630a86fa7ad,runs/R-v2-mig-20261009-streaming-s0/books/25646/position_nll.npz,94a1b9e08380bf650df59fc5087522619cd712053b343564d6d41025810ec19c
R-v2-mig-20261009-streaming-s1,reproduction,streaming,1,10146,16384,15358,61815385e46d0b47c80460fbc686b5fbef611a89,a6dbe103b2e9416295807cd481a9ff1660fbfede9c26b68e7db65d230e6229ef,MIG-0ac25523-86e7-5277-bfb8-0d8f3b6175d7,runs/R-v2-mig-20261009-streaming-s1/config_used.json,runs/R-v2-mig-20261009-streaming-s1/result.json,cf97d107d96d590e99365b4803471c1f8833d25c631285a3f6c34aafb27279ee,runs/R-v2-mig-20261009-streaming-s1/books/10146/metrics.json,90b3fb2a6b715cf8be2cc7cd998eeab0d488e1f105567fadbf6782046f930e78,runs/R-v2-mig-20261009-streaming-s1/books/10146/position_nll.npz,5fb88bf833d965ee54170bd4ac0f94e35872e22361a6f66fd48e5fbfb5ddc0ba
R-v2-mig-20261009-streaming-s1,reproduction,streaming,1,10321,16384,15358,61815385e46d0b47c80460fbc686b5fbef611a89,a6dbe103b2e9416295807cd481a9ff1660fbfede9c26b68e7db65d230e6229ef,MIG-0ac25523-86e7-5277-bfb8-0d8f3b6175d7,runs/R-v2-mig-20261009-streaming-s1/config_used.json,runs/R-v2-mig-20261009-streaming-s1/result.json,cf97d107d96d590e99365b4803471c1f8833d25c631285a3f6c34aafb27279ee,runs/R-v2-mig-20261009-streaming-s1/books/10321/metrics.json,4ce1a07bc6c56edac33461fdd0e83b4e2768a6cde26c0ad953952ee128e8f6f1,runs/R-v2-mig-20261009-streaming-s1/books/10321/position_nll.npz,7900df0b3a30c774fe08044daf412f2a45f85d62166b8c7cb35a213a9e90f992
R-v2-mig-20261009-streaming-s1,reproduction,streaming,1,10356,16384,15358,61815385e46d0b47c80460fbc686b5fbef611a89,a6dbe103b2e9416295807cd481a9ff1660fbfede9c26b68e7db65d230e6229ef,MIG-0ac25523-86e7-5277-bfb8-0d8f3b6175d7,runs/R-v2-mig-20261009-streaming-s1/config_used.json,runs/R-v2-mig-20261009-streaming-s1/result.json,cf97d107d96d590e99365b4803471c1f8833d25c631285a3f6c34aafb27279ee,runs/R-v2-mig-20261009-streaming-s1/books/10356/metrics.json,4a1e204b49be601d484928a4d825d8fc8a6ea288cecce67d831fc91427e050e3,runs/R-v2-mig-20261009-streaming-s1/books/10356/position_nll.npz,72e1643f1d4761ab7fdbe9717c76a149518c07639ede871c8960b26f994a82f2
R-v2-mig-20261009-streaming-s1,reproduction,streaming,1,10762,16384,15358,61815385e46d0b47c80460fbc686b5fbef611a89,a6dbe103b2e9416295807cd481a9ff1660fbfede9c26b68e7db65d230e6229ef,MIG-0ac25523-86e7-5277-bfb8-0d8f3b6175d7,runs/R-v2-mig-20261009-streaming-s1/config_used.json,runs/R-v2-mig-20261009-streaming-s1/result.json,cf97d107d96d590e99365b4803471c1f8833d25c631285a3f6c34aafb27279ee,runs/R-v2-mig-20261009-streaming-s1/books/10762/metrics.json,3d480fb0defdf15c7279733b1e60c93f64dd9c88755c91e8a904657be51daa26,runs/R-v2-mig-20261009-streaming-s1/books/10762/position_nll.npz,5b359f1ddef6278ae03bedf2b38940f3a5e8b3e265d4dc16cc654a447717a4ef
R-v2-mig-20261009-streaming-s1,reproduction,streaming,1,12204,7141,6115,61815385e46d0b47c80460fbc686b5fbef611a89,a6dbe103b2e9416295807cd481a9ff1660fbfede9c26b68e7db65d230e6229ef,MIG-0ac25523-86e7-5277-bfb8-0d8f3b6175d7,runs/R-v2-mig-20261009-streaming-s1/config_used.json,runs/R-v2-mig-20261009-streaming-s1/result.json,cf97d107d96d590e99365b4803471c1f8833d25c631285a3f6c34aafb27279ee,runs/R-v2-mig-20261009-streaming-s1/books/12204/metrics.json,706a256e316b5011a7632dcfe0456269946df90cffd3d449539d0978396a310b,runs/R-v2-mig-20261009-streaming-s1/books/12204/position_nll.npz,148230956f1265966fb6086ca7db7e2f2ba8bafd2605d25808952a28466dac0c
R-v2-mig-20261009-streaming-s1,reproduction,streaming,1,15562,16384,15358,61815385e46d0b47c80460fbc686b5fbef611a89,a6dbe103b2e9416295807cd481a9ff1660fbfede9c26b68e7db65d230e6229ef,MIG-0ac25523-86e7-5277-bfb8-0d8f3b6175d7,runs/R-v2-mig-20261009-streaming-s1/config_used.json,runs/R-v2-mig-20261009-streaming-s1/result.json,cf97d107d96d590e99365b4803471c1f8833d25c631285a3f6c34aafb27279ee,runs/R-v2-mig-20261009-streaming-s1/books/15562/metrics.json,8bd5d408f6816378f0a9252d1e32b81304cd52311d1a64077009334c91281c2c,runs/R-v2-mig-20261009-streaming-s1/books/15562/position_nll.npz,b10e4f56cd04ce15cb6d37225426ba9ce7875112a9d99f32c02427122a18eddb
R-v2-mig-20261009-streaming-s1,reproduction,streaming,1,22424,16384,15358,61815385e46d0b47c80460fbc686b5fbef611a89,a6dbe103b2e9416295807cd481a9ff1660fbfede9c26b68e7db65d230e6229ef,MIG-0ac25523-86e7-5277-bfb8-0d8f3b6175d7,runs/R-v2-mig-20261009-streaming-s1/config_used.json,runs/R-v2-mig-20261009-streaming-s1/result.json,cf97d107d96d590e99365b4803471c1f8833d25c631285a3f6c34aafb27279ee,runs/R-v2-mig-20261009-streaming-s1/books/22424/metrics.json,8930a84a53075129d75b650a73229961f5bf128d73eb2db9c7349edd0a5b463c,runs/R-v2-mig-20261009-streaming-s1/books/22424/position_nll.npz,31d4bf80df28c0ec6099a954eaf3eef2fca3a428e4d7c920411882070b98c20d
R-v2-mig-20261009-streaming-s1,reproduction,streaming,1,24553,16384,15358,61815385e46d0b47c80460fbc686b5fbef611a89,a6dbe103b2e9416295807cd481a9ff1660fbfede9c26b68e7db65d230e6229ef,MIG-0ac25523-86e7-5277-bfb8-0d8f3b6175d7,runs/R-v2-mig-20261009-streaming-s1/config_used.json,runs/R-v2-mig-20261009-streaming-s1/result.json,cf97d107d96d590e99365b4803471c1f8833d25c631285a3f6c34aafb27279ee,runs/R-v2-mig-20261009-streaming-s1/books/24553/metrics.json,6648d54ffce08f4b1611aa66d459db66e0713532526d38e81c6f112b3203a59b,runs/R-v2-mig-20261009-streaming-s1/books/24553/position_nll.npz,57295a60fa2305edc52b905b3ace94bf229df5a99a7ddb7d64be10cb769d0510
R-v2-mig-20261009-streaming-s1,reproduction,streaming,1,2544,16384,15358,61815385e46d0b47c80460fbc686b5fbef611a89,a6dbe103b2e9416295807cd481a9ff1660fbfede9c26b68e7db65d230e6229ef,MIG-0ac25523-86e7-5277-bfb8-0d8f3b6175d7,runs/R-v2-mig-20261009-streaming-s1/config_used.json,runs/R-v2-mig-20261009-streaming-s1/result.json,cf97d107d96d590e99365b4803471c1f8833d25c631285a3f6c34aafb27279ee,runs/R-v2-mig-20261009-streaming-s1/books/2544/metrics.json,6922562bdad53c75dc01f0b32289d0dbbe436045751a4953460a1d902d7ca724,runs/R-v2-mig-20261009-streaming-s1/books/2544/position_nll.npz,a320060f78e3351f17f0181a45ca314c8514c7998d363186ab60a6732a0691af
R-v2-mig-20261009-streaming-s1,reproduction,streaming,1,25646,16384,15358,61815385e46d0b47c80460fbc686b5fbef611a89,a6dbe103b2e9416295807cd481a9ff1660fbfede9c26b68e7db65d230e6229ef,MIG-0ac25523-86e7-5277-bfb8-0d8f3b6175d7,runs/R-v2-mig-20261009-streaming-s1/config_used.json,runs/R-v2-mig-20261009-streaming-s1/result.json,cf97d107d96d590e99365b4803471c1f8833d25c631285a3f6c34aafb27279ee,runs/R-v2-mig-20261009-streaming-s1/books/25646/metrics.json,6631769d0fde3d778e118373099c4f24aef0b0bbaf4be902bd3973d83feb6df2,runs/R-v2-mig-20261009-streaming-s1/books/25646/position_nll.npz,94a1b9e08380bf650df59fc5087522619cd712053b343564d6d41025810ec19c
R-v2-mig-20261009-streaming-s2,reproduction,streaming,2,10146,16384,15358,61815385e46d0b47c80460fbc686b5fbef611a89,a6dbe103b2e9416295807cd481a9ff1660fbfede9c26b68e7db65d230e6229ef,MIG-c3be06c6-cf04-5d8b-85a3-617a77291100,runs/R-v2-mig-20261009-streaming-s2/config_used.json,runs/R-v2-mig-20261009-streaming-s2/result.json,a98f1eee984f57c34371d545e2682b9e281d190a95424de30502c14d7c4e3621,runs/R-v2-mig-20261009-streaming-s2/books/10146/metrics.json,de4e61faeb3315e0f63cb14312725b7dacdfa010343670e706a27c9adbc2a454,runs/R-v2-mig-20261009-streaming-s2/books/10146/position_nll.npz,5fb88bf833d965ee54170bd4ac0f94e35872e22361a6f66fd48e5fbfb5ddc0ba
R-v2-mig-20261009-streaming-s2,reproduction,streaming,2,10321,16384,15358,61815385e46d0b47c80460fbc686b5fbef611a89,a6dbe103b2e9416295807cd481a9ff1660fbfede9c26b68e7db65d230e6229ef,MIG-c3be06c6-cf04-5d8b-85a3-617a77291100,runs/R-v2-mig-20261009-streaming-s2/config_used.json,runs/R-v2-mig-20261009-streaming-s2/result.json,a98f1eee984f57c34371d545e2682b9e281d190a95424de30502c14d7c4e3621,runs/R-v2-mig-20261009-streaming-s2/books/10321/metrics.json,201b4ee994fef0ccd4cb6287bd60bc6e801b9ba0951251a15a988531a5c43f86,runs/R-v2-mig-20261009-streaming-s2/books/10321/position_nll.npz,7900df0b3a30c774fe08044daf412f2a45f85d62166b8c7cb35a213a9e90f992
R-v2-mig-20261009-streaming-s2,reproduction,streaming,2,10356,16384,15358,61815385e46d0b47c80460fbc686b5fbef611a89,a6dbe103b2e9416295807cd481a9ff1660fbfede9c26b68e7db65d230e6229ef,MIG-c3be06c6-cf04-5d8b-85a3-617a77291100,runs/R-v2-mig-20261009-streaming-s2/config_used.json,runs/R-v2-mig-20261009-streaming-s2/result.json,a98f1eee984f57c34371d545e2682b9e281d190a95424de30502c14d7c4e3621,runs/R-v2-mig-20261009-streaming-s2/books/10356/metrics.json,9d7b7bd233609e693df89021efff7429b8e077475c9bf0725193774ed10e722b,runs/R-v2-mig-20261009-streaming-s2/books/10356/position_nll.npz,72e1643f1d4761ab7fdbe9717c76a149518c07639ede871c8960b26f994a82f2
R-v2-mig-20261009-streaming-s2,reproduction,streaming,2,10762,16384,15358,61815385e46d0b47c80460fbc686b5fbef611a89,a6dbe103b2e9416295807cd481a9ff1660fbfede9c26b68e7db65d230e6229ef,MIG-c3be06c6-cf04-5d8b-85a3-617a77291100,runs/R-v2-mig-20261009-streaming-s2/config_used.json,runs/R-v2-mig-20261009-streaming-s2/result.json,a98f1eee984f57c34371d545e2682b9e281d190a95424de30502c14d7c4e3621,runs/R-v2-mig-20261009-streaming-s2/books/10762/metrics.json,b707f9198ae5051e590803324655f330138bd808e699ef3234938118034fbd8c,runs/R-v2-mig-20261009-streaming-s2/books/10762/position_nll.npz,5b359f1ddef6278ae03bedf2b38940f3a5e8b3e265d4dc16cc654a447717a4ef
R-v2-mig-20261009-streaming-s2,reproduction,streaming,2,12204,7141,6115,61815385e46d0b47c80460fbc686b5fbef611a89,a6dbe103b2e9416295807cd481a9ff1660fbfede9c26b68e7db65d230e6229ef,MIG-c3be06c6-cf04-5d8b-85a3-617a77291100,runs/R-v2-mig-20261009-streaming-s2/config_used.json,runs/R-v2-mig-20261009-streaming-s2/result.json,a98f1eee984f57c34371d545e2682b9e281d190a95424de30502c14d7c4e3621,runs/R-v2-mig-20261009-streaming-s2/books/12204/metrics.json,9eb7ea61e5306860959ff825925564b78afe661282510f0d46e83bb7acd1d396,runs/R-v2-mig-20261009-streaming-s2/books/12204/position_nll.npz,148230956f1265966fb6086ca7db7e2f2ba8bafd2605d25808952a28466dac0c
R-v2-mig-20261009-streaming-s2,reproduction,streaming,2,15562,16384,15358,61815385e46d0b47c80460fbc686b5fbef611a89,a6dbe103b2e9416295807cd481a9ff1660fbfede9c26b68e7db65d230e6229ef,MIG-c3be06c6-cf04-5d8b-85a3-617a77291100,runs/R-v2-mig-20261009-streaming-s2/config_used.json,runs/R-v2-mig-20261009-streaming-s2/result.json,a98f1eee984f57c34371d545e2682b9e281d190a95424de30502c14d7c4e3621,runs/R-v2-mig-20261009-streaming-s2/books/15562/metrics.json,eea1c591adcb9273191b24bd806070455bc177116cfd0b11dcebb8c2e64c8b52,runs/R-v2-mig-20261009-streaming-s2/books/15562/position_nll.npz,b10e4f56cd04ce15cb6d37225426ba9ce7875112a9d99f32c02427122a18eddb
R-v2-mig-20261009-streaming-s2,reproduction,streaming,2,22424,16384,15358,61815385e46d0b47c80460fbc686b5fbef611a89,a6dbe103b2e9416295807cd481a9ff1660fbfede9c26b68e7db65d230e6229ef,MIG-c3be06c6-cf04-5d8b-85a3-617a77291100,runs/R-v2-mig-20261009-streaming-s2/config_used.json,runs/R-v2-mig-20261009-streaming-s2/result.json,a98f1eee984f57c34371d545e2682b9e281d190a95424de30502c14d7c4e3621,runs/R-v2-mig-20261009-streaming-s2/books/22424/metrics.json,b3b69cf7c589aa36b5fc39786d52ad9dff90b7a5d02a3afc812c2d2d35bd33fb,runs/R-v2-mig-20261009-streaming-s2/books/22424/position_nll.npz,31d4bf80df28c0ec6099a954eaf3eef2fca3a428e4d7c920411882070b98c20d
R-v2-mig-20261009-streaming-s2,reproduction,streaming,2,24553,16384,15358,61815385e46d0b47c80460fbc686b5fbef611a89,a6dbe103b2e9416295807cd481a9ff1660fbfede9c26b68e7db65d230e6229ef,MIG-c3be06c6-cf04-5d8b-85a3-617a77291100,runs/R-v2-mig-20261009-streaming-s2/config_used.json,runs/R-v2-mig-20261009-streaming-s2/result.json,a98f1eee984f57c34371d545e2682b9e281d190a95424de30502c14d7c4e3621,runs/R-v2-mig-20261009-streaming-s2/books/24553/metrics.json,a2dcc18059f98c24fcd4fe8c3a9384d75313b914a69362a01a3f34ff95a4d3d7,runs/R-v2-mig-20261009-streaming-s2/books/24553/position_nll.npz,57295a60fa2305edc52b905b3ace94bf229df5a99a7ddb7d64be10cb769d0510
R-v2-mig-20261009-streaming-s2,reproduction,streaming,2,2544,16384,15358,61815385e46d0b47c80460fbc686b5fbef611a89,a6dbe103b2e9416295807cd481a9ff1660fbfede9c26b68e7db65d230e6229ef,MIG-c3be06c6-cf04-5d8b-85a3-617a77291100,runs/R-v2-mig-20261009-streaming-s2/config_used.json,runs/R-v2-mig-20261009-streaming-s2/result.json,a98f1eee984f57c34371d545e2682b9e281d190a95424de30502c14d7c4e3621,runs/R-v2-mig-20261009-streaming-s2/books/2544/metrics.json,4f2d16ee51d081babc3ee02f5980e0c4a604d03a1e944b7358e9289c0285644c,runs/R-v2-mig-20261009-streaming-s2/books/2544/position_nll.npz,a320060f78e3351f17f0181a45ca314c8514c7998d363186ab60a6732a0691af
R-v2-mig-20261009-streaming-s2,reproduction,streaming,2,25646,16384,15358,61815385e46d0b47c80460fbc686b5fbef611a89,a6dbe103b2e9416295807cd481a9ff1660fbfede9c26b68e7db65d230e6229ef,MIG-c3be06c6-cf04-5d8b-85a3-617a77291100,runs/R-v2-mig-20261009-streaming-s2/config_used.json,runs/R-v2-mig-20261009-streaming-s2/result.json,a98f1eee984f57c34371d545e2682b9e281d190a95424de30502c14d7c4e3621,runs/R-v2-mig-20261009-streaming-s2/books/25646/metrics.json,9cf5f3901f0eb97726c57797a408b2ed1809ccc750d44891f5315898cba778f2,runs/R-v2-mig-20261009-streaming-s2/books/25646/position_nll.npz,94a1b9e08380bf650df59fc5087522619cd712053b343564d6d41025810ec19c
R-v2-mig-20261009-window-s0,reproduction,window,0,10146,16384,15358,aa76de10d803a610cb719f0a8e5cffebed6ede21,a6dbe103b2e9416295807cd481a9ff1660fbfede9c26b68e7db65d230e6229ef,MIG-e6fc2d29-df53-531c-bfda-84767274c8a2,runs/R-v2-mig-20261009-window-s0/config_used.json,runs/R-v2-mig-20261009-window-s0/result.json,a09ed5ea0dd8b9f434c334a810d84ca592355d9320fd5b56f77507452be9bc29,runs/R-v2-mig-20261009-window-s0/books/10146/metrics.json,3b0b59d4f3cefdace332e62832da1dfe35ee7aa5e82e1bd6040960b3dae2bef9,runs/R-v2-mig-20261009-window-s0/books/10146/position_nll.npz,0523e86e27a5cfc44c9764d664978e1b47cf0f3205be606c7c46c5b18de202cf
R-v2-mig-20261009-window-s0,reproduction,window,0,10321,16384,15358,aa76de10d803a610cb719f0a8e5cffebed6ede21,a6dbe103b2e9416295807cd481a9ff1660fbfede9c26b68e7db65d230e6229ef,MIG-e6fc2d29-df53-531c-bfda-84767274c8a2,runs/R-v2-mig-20261009-window-s0/config_used.json,runs/R-v2-mig-20261009-window-s0/result.json,a09ed5ea0dd8b9f434c334a810d84ca592355d9320fd5b56f77507452be9bc29,runs/R-v2-mig-20261009-window-s0/books/10321/metrics.json,b52715ce89e5147ca73df20d655e64df87ad8362afa53cbc4fa9cb521870c9f2,runs/R-v2-mig-20261009-window-s0/books/10321/position_nll.npz,f8ccc5420978b5e3ae7db65ed4e078723f0dc63f6f0bf6e850e8ef13156c399f
R-v2-mig-20261009-window-s0,reproduction,window,0,10356,16384,15358,aa76de10d803a610cb719f0a8e5cffebed6ede21,a6dbe103b2e9416295807cd481a9ff1660fbfede9c26b68e7db65d230e6229ef,MIG-e6fc2d29-df53-531c-bfda-84767274c8a2,runs/R-v2-mig-20261009-window-s0/config_used.json,runs/R-v2-mig-20261009-window-s0/result.json,a09ed5ea0dd8b9f434c334a810d84ca592355d9320fd5b56f77507452be9bc29,runs/R-v2-mig-20261009-window-s0/books/10356/metrics.json,b4097aeda64ad5aac25ac41d528a61b30783daaba0177b6fc1657d67d9982ac5,runs/R-v2-mig-20261009-window-s0/books/10356/position_nll.npz,2beba8686bf30f04d744dd7b99c3ab6f2ab47627685f7ded0d2f2246226b573b
R-v2-mig-20261009-window-s0,reproduction,window,0,10762,16384,15358,aa76de10d803a610cb719f0a8e5cffebed6ede21,a6dbe103b2e9416295807cd481a9ff1660fbfede9c26b68e7db65d230e6229ef,MIG-e6fc2d29-df53-531c-bfda-84767274c8a2,runs/R-v2-mig-20261009-window-s0/config_used.json,runs/R-v2-mig-20261009-window-s0/result.json,a09ed5ea0dd8b9f434c334a810d84ca592355d9320fd5b56f77507452be9bc29,runs/R-v2-mig-20261009-window-s0/books/10762/metrics.json,8a8bc4e7fb856e1673ad3080e2337af74f58199e04c6e08356b6c6c41b4d6cd5,runs/R-v2-mig-20261009-window-s0/books/10762/position_nll.npz,7053825eb650800fa0548060deb8fa21a95075e0e9ec141cbeacd2fd00a82a16
R-v2-mig-20261009-window-s0,reproduction,window,0,12204,7141,6115,aa76de10d803a610cb719f0a8e5cffebed6ede21,a6dbe103b2e9416295807cd481a9ff1660fbfede9c26b68e7db65d230e6229ef,MIG-e6fc2d29-df53-531c-bfda-84767274c8a2,runs/R-v2-mig-20261009-window-s0/config_used.json,runs/R-v2-mig-20261009-window-s0/result.json,a09ed5ea0dd8b9f434c334a810d84ca592355d9320fd5b56f77507452be9bc29,runs/R-v2-mig-20261009-window-s0/books/12204/metrics.json,b49cc2b6fea456770a0d130f4cf555ec096bd2f50d637e08f4169d3c6df1efd8,runs/R-v2-mig-20261009-window-s0/books/12204/position_nll.npz,535525dda1df5f67209aa559b2ba44f78028bf7ba15d5311613cef5b38989764
R-v2-mig-20261009-window-s0,reproduction,window,0,15562,16384,15358,aa76de10d803a610cb719f0a8e5cffebed6ede21,a6dbe103b2e9416295807cd481a9ff1660fbfede9c26b68e7db65d230e6229ef,MIG-e6fc2d29-df53-531c-bfda-84767274c8a2,runs/R-v2-mig-20261009-window-s0/config_used.json,runs/R-v2-mig-20261009-window-s0/result.json,a09ed5ea0dd8b9f434c334a810d84ca592355d9320fd5b56f77507452be9bc29,runs/R-v2-mig-20261009-window-s0/books/15562/metrics.json,41bc4ef1527860436cffd23b43cb13fc70210ab34de02af00771ebbec1e4ecd4,runs/R-v2-mig-20261009-window-s0/books/15562/position_nll.npz,1f1e3e71c1eb81322c54ab7bfbdc8d6a2673baedf119ff6bdf6568307c3375a0
R-v2-mig-20261009-window-s0,reproduction,window,0,22424,16384,15358,aa76de10d803a610cb719f0a8e5cffebed6ede21,a6dbe103b2e9416295807cd481a9ff1660fbfede9c26b68e7db65d230e6229ef,MIG-e6fc2d29-df53-531c-bfda-84767274c8a2,runs/R-v2-mig-20261009-window-s0/config_used.json,runs/R-v2-mig-20261009-window-s0/result.json,a09ed5ea0dd8b9f434c334a810d84ca592355d9320fd5b56f77507452be9bc29,runs/R-v2-mig-20261009-window-s0/books/22424/metrics.json,37b7ea2b5a3da39034bf7c9c60f13a67fe7dfea4b97d41701cccb9eda31ee051,runs/R-v2-mig-20261009-window-s0/books/22424/position_nll.npz,fc5d9d61fc5565837dd956a2658461db93b8a458756b9de221609346ca33628f
R-v2-mig-20261009-window-s0,reproduction,window,0,24553,16384,15358,aa76de10d803a610cb719f0a8e5cffebed6ede21,a6dbe103b2e9416295807cd481a9ff1660fbfede9c26b68e7db65d230e6229ef,MIG-e6fc2d29-df53-531c-bfda-84767274c8a2,runs/R-v2-mig-20261009-window-s0/config_used.json,runs/R-v2-mig-20261009-window-s0/result.json,a09ed5ea0dd8b9f434c334a810d84ca592355d9320fd5b56f77507452be9bc29,runs/R-v2-mig-20261009-window-s0/books/24553/metrics.json,79cade329349f3921ccb47fa819b2ccbbaa922998e22e077edcae0c33b879a66,runs/R-v2-mig-20261009-window-s0/books/24553/position_nll.npz,c7c6430fa35ce4943d75da2334254f8739528b6fdc7913eddbdfbe0f9fe29d57
R-v2-mig-20261009-window-s0,reproduction,window,0,2544,16384,15358,aa76de10d803a610cb719f0a8e5cffebed6ede21,a6dbe103b2e9416295807cd481a9ff1660fbfede9c26b68e7db65d230e6229ef,MIG-e6fc2d29-df53-531c-bfda-84767274c8a2,runs/R-v2-mig-20261009-window-s0/config_used.json,runs/R-v2-mig-20261009-window-s0/result.json,a09ed5ea0dd8b9f434c334a810d84ca592355d9320fd5b56f77507452be9bc29,runs/R-v2-mig-20261009-window-s0/books/2544/metrics.json,e96817c9e63a68c7c7df4eeee16065627440a3363b3697be711403efc83c91d0,runs/R-v2-mig-20261009-window-s0/books/2544/position_nll.npz,a08550a7362373eb2e6eb0220c565b9ebf49a5e45e8bac2cfa846fa4711b3522
R-v2-mig-20261009-window-s0,reproduction,window,0,25646,16384,15358,aa76de10d803a610cb719f0a8e5cffebed6ede21,a6dbe103b2e9416295807cd481a9ff1660fbfede9c26b68e7db65d230e6229ef,MIG-e6fc2d29-df53-531c-bfda-84767274c8a2,runs/R-v2-mig-20261009-window-s0/config_used.json,runs/R-v2-mig-20261009-window-s0/result.json,a09ed5ea0dd8b9f434c334a810d84ca592355d9320fd5b56f77507452be9bc29,runs/R-v2-mig-20261009-window-s0/books/25646/metrics.json,8c526a3334ed47e367dced15b8a28376cba256cb7947009b8f2e6bc8bc8c1967,runs/R-v2-mig-20261009-window-s0/books/25646/position_nll.npz,e04c334098b2830794de85728934c18cc885a33ce22ae22874ba7077e817bff6
R-v2-mig-20261009-window-s1,reproduction,window,1,10146,16384,15358,aa76de10d803a610cb719f0a8e5cffebed6ede21,a6dbe103b2e9416295807cd481a9ff1660fbfede9c26b68e7db65d230e6229ef,MIG-0ac25523-86e7-5277-bfb8-0d8f3b6175d7,runs/R-v2-mig-20261009-window-s1/config_used.json,runs/R-v2-mig-20261009-window-s1/result.json,24f49478fb4ba7bebca657839db0ccb277d560e093f58ef1880d53b2986a4ff5,runs/R-v2-mig-20261009-window-s1/books/10146/metrics.json,c14cac15d439f4b36d49ac3316ec9412c15440ccf4a9e30dd025af2d6b2dac80,runs/R-v2-mig-20261009-window-s1/books/10146/position_nll.npz,0523e86e27a5cfc44c9764d664978e1b47cf0f3205be606c7c46c5b18de202cf
R-v2-mig-20261009-window-s1,reproduction,window,1,10321,16384,15358,aa76de10d803a610cb719f0a8e5cffebed6ede21,a6dbe103b2e9416295807cd481a9ff1660fbfede9c26b68e7db65d230e6229ef,MIG-0ac25523-86e7-5277-bfb8-0d8f3b6175d7,runs/R-v2-mig-20261009-window-s1/config_used.json,runs/R-v2-mig-20261009-window-s1/result.json,24f49478fb4ba7bebca657839db0ccb277d560e093f58ef1880d53b2986a4ff5,runs/R-v2-mig-20261009-window-s1/books/10321/metrics.json,dfd6d50629771bafbdcde064d6f9e838f9c4b23684e4d530d603bf7f68b72c77,runs/R-v2-mig-20261009-window-s1/books/10321/position_nll.npz,f8ccc5420978b5e3ae7db65ed4e078723f0dc63f6f0bf6e850e8ef13156c399f
R-v2-mig-20261009-window-s1,reproduction,window,1,10356,16384,15358,aa76de10d803a610cb719f0a8e5cffebed6ede21,a6dbe103b2e9416295807cd481a9ff1660fbfede9c26b68e7db65d230e6229ef,MIG-0ac25523-86e7-5277-bfb8-0d8f3b6175d7,runs/R-v2-mig-20261009-window-s1/config_used.json,runs/R-v2-mig-20261009-window-s1/result.json,24f49478fb4ba7bebca657839db0ccb277d560e093f58ef1880d53b2986a4ff5,runs/R-v2-mig-20261009-window-s1/books/10356/metrics.json,8dc9235711d7dbb1046523a2005d6ba8128ab6758886a4e05ec8a66b27144561,runs/R-v2-mig-20261009-window-s1/books/10356/position_nll.npz,2beba8686bf30f04d744dd7b99c3ab6f2ab47627685f7ded0d2f2246226b573b
R-v2-mig-20261009-window-s1,reproduction,window,1,10762,16384,15358,aa76de10d803a610cb719f0a8e5cffebed6ede21,a6dbe103b2e9416295807cd481a9ff1660fbfede9c26b68e7db65d230e6229ef,MIG-0ac25523-86e7-5277-bfb8-0d8f3b6175d7,runs/R-v2-mig-20261009-window-s1/config_used.json,runs/R-v2-mig-20261009-window-s1/result.json,24f49478fb4ba7bebca657839db0ccb277d560e093f58ef1880d53b2986a4ff5,runs/R-v2-mig-20261009-window-s1/books/10762/metrics.json,56fd80fc6e62d280aaf902c08c9dae31b24a850fdf08c671be2d2654645f6c37,runs/R-v2-mig-20261009-window-s1/books/10762/position_nll.npz,7053825eb650800fa0548060deb8fa21a95075e0e9ec141cbeacd2fd00a82a16
R-v2-mig-20261009-window-s1,reproduction,window,1,12204,7141,6115,aa76de10d803a610cb719f0a8e5cffebed6ede21,a6dbe103b2e9416295807cd481a9ff1660fbfede9c26b68e7db65d230e6229ef,MIG-0ac25523-86e7-5277-bfb8-0d8f3b6175d7,runs/R-v2-mig-20261009-window-s1/config_used.json,runs/R-v2-mig-20261009-window-s1/result.json,24f49478fb4ba7bebca657839db0ccb277d560e093f58ef1880d53b2986a4ff5,runs/R-v2-mig-20261009-window-s1/books/12204/metrics.json,1640ef8fc82b20a3c93deca5aef2ec4815b01e3f9336eb8233d936b1d574064f,runs/R-v2-mig-20261009-window-s1/books/12204/position_nll.npz,535525dda1df5f67209aa559b2ba44f78028bf7ba15d5311613cef5b38989764
R-v2-mig-20261009-window-s1,reproduction,window,1,15562,16384,15358,aa76de10d803a610cb719f0a8e5cffebed6ede21,a6dbe103b2e9416295807cd481a9ff1660fbfede9c26b68e7db65d230e6229ef,MIG-0ac25523-86e7-5277-bfb8-0d8f3b6175d7,runs/R-v2-mig-20261009-window-s1/config_used.json,runs/R-v2-mig-20261009-window-s1/result.json,24f49478fb4ba7bebca657839db0ccb277d560e093f58ef1880d53b2986a4ff5,runs/R-v2-mig-20261009-window-s1/books/15562/metrics.json,c1a41bbd6e8731bffdc5f0afcd48667cd65d2025b82ab535d052d2e1cc316573,runs/R-v2-mig-20261009-window-s1/books/15562/position_nll.npz,1f1e3e71c1eb81322c54ab7bfbdc8d6a2673baedf119ff6bdf6568307c3375a0
R-v2-mig-20261009-window-s1,reproduction,window,1,22424,16384,15358,aa76de10d803a610cb719f0a8e5cffebed6ede21,a6dbe103b2e9416295807cd481a9ff1660fbfede9c26b68e7db65d230e6229ef,MIG-0ac25523-86e7-5277-bfb8-0d8f3b6175d7,runs/R-v2-mig-20261009-window-s1/config_used.json,runs/R-v2-mig-20261009-window-s1/result.json,24f49478fb4ba7bebca657839db0ccb277d560e093f58ef1880d53b2986a4ff5,runs/R-v2-mig-20261009-window-s1/books/22424/metrics.json,2435df6239f957885b99cd8ec0c15cf30a608ca6e8ed69be51831853c5adc9f4,runs/R-v2-mig-20261009-window-s1/books/22424/position_nll.npz,fc5d9d61fc5565837dd956a2658461db93b8a458756b9de221609346ca33628f
R-v2-mig-20261009-window-s1,reproduction,window,1,24553,16384,15358,aa76de10d803a610cb719f0a8e5cffebed6ede21,a6dbe103b2e9416295807cd481a9ff1660fbfede9c26b68e7db65d230e6229ef,MIG-0ac25523-86e7-5277-bfb8-0d8f3b6175d7,runs/R-v2-mig-20261009-window-s1/config_used.json,runs/R-v2-mig-20261009-window-s1/result.json,24f49478fb4ba7bebca657839db0ccb277d560e093f58ef1880d53b2986a4ff5,runs/R-v2-mig-20261009-window-s1/books/24553/metrics.json,1d52e320e3a88bf337287e3fc6b39c27c30bae20345f7f4c62009bfc88586122,runs/R-v2-mig-20261009-window-s1/books/24553/position_nll.npz,c7c6430fa35ce4943d75da2334254f8739528b6fdc7913eddbdfbe0f9fe29d57
R-v2-mig-20261009-window-s1,reproduction,window,1,2544,16384,15358,aa76de10d803a610cb719f0a8e5cffebed6ede21,a6dbe103b2e9416295807cd481a9ff1660fbfede9c26b68e7db65d230e6229ef,MIG-0ac25523-86e7-5277-bfb8-0d8f3b6175d7,runs/R-v2-mig-20261009-window-s1/config_used.json,runs/R-v2-mig-20261009-window-s1/result.json,24f49478fb4ba7bebca657839db0ccb277d560e093f58ef1880d53b2986a4ff5,runs/R-v2-mig-20261009-window-s1/books/2544/metrics.json,1903f13a9dbfafe381498d13bf8148a6671da0dfe869c82bbf508fd7503b72d9,runs/R-v2-mig-20261009-window-s1/books/2544/position_nll.npz,a08550a7362373eb2e6eb0220c565b9ebf49a5e45e8bac2cfa846fa4711b3522
R-v2-mig-20261009-window-s1,reproduction,window,1,25646,16384,15358,aa76de10d803a610cb719f0a8e5cffebed6ede21,a6dbe103b2e9416295807cd481a9ff1660fbfede9c26b68e7db65d230e6229ef,MIG-0ac25523-86e7-5277-bfb8-0d8f3b6175d7,runs/R-v2-mig-20261009-window-s1/config_used.json,runs/R-v2-mig-20261009-window-s1/result.json,24f49478fb4ba7bebca657839db0ccb277d560e093f58ef1880d53b2986a4ff5,runs/R-v2-mig-20261009-window-s1/books/25646/metrics.json,6764923a65c1a7fa2d68391dadcf0a5bff7aea1c07faff441229fea195c93ee6,runs/R-v2-mig-20261009-window-s1/books/25646/position_nll.npz,e04c334098b2830794de85728934c18cc885a33ce22ae22874ba7077e817bff6
R-v2-mig-20261009-window-s2,reproduction,window,2,10146,16384,15358,aa76de10d803a610cb719f0a8e5cffebed6ede21,a6dbe103b2e9416295807cd481a9ff1660fbfede9c26b68e7db65d230e6229ef,MIG-c3be06c6-cf04-5d8b-85a3-617a77291100,runs/R-v2-mig-20261009-window-s2/config_used.json,runs/R-v2-mig-20261009-window-s2/result.json,d827106ebe04371ee09245805109ce055778b76f851f41a82c6dd19197a55540,runs/R-v2-mig-20261009-window-s2/books/10146/metrics.json,8ac3e492c80bceb3eba0ebcaf999e41d9bd314cdb1a00666b6d7ef0856fd969d,runs/R-v2-mig-20261009-window-s2/books/10146/position_nll.npz,0523e86e27a5cfc44c9764d664978e1b47cf0f3205be606c7c46c5b18de202cf
R-v2-mig-20261009-window-s2,reproduction,window,2,10321,16384,15358,aa76de10d803a610cb719f0a8e5cffebed6ede21,a6dbe103b2e9416295807cd481a9ff1660fbfede9c26b68e7db65d230e6229ef,MIG-c3be06c6-cf04-5d8b-85a3-617a77291100,runs/R-v2-mig-20261009-window-s2/config_used.json,runs/R-v2-mig-20261009-window-s2/result.json,d827106ebe04371ee09245805109ce055778b76f851f41a82c6dd19197a55540,runs/R-v2-mig-20261009-window-s2/books/10321/metrics.json,88ba96587b22065b02902d5e18497411cc5a01da1863e55659c96975cad9ce2c,runs/R-v2-mig-20261009-window-s2/books/10321/position_nll.npz,f8ccc5420978b5e3ae7db65ed4e078723f0dc63f6f0bf6e850e8ef13156c399f
R-v2-mig-20261009-window-s2,reproduction,window,2,10356,16384,15358,aa76de10d803a610cb719f0a8e5cffebed6ede21,a6dbe103b2e9416295807cd481a9ff1660fbfede9c26b68e7db65d230e6229ef,MIG-c3be06c6-cf04-5d8b-85a3-617a77291100,runs/R-v2-mig-20261009-window-s2/config_used.json,runs/R-v2-mig-20261009-window-s2/result.json,d827106ebe04371ee09245805109ce055778b76f851f41a82c6dd19197a55540,runs/R-v2-mig-20261009-window-s2/books/10356/metrics.json,f4c7453ac93fe684aec51d3e3e839b3dcb1efb675e73f6b1a9e51440ff932de6,runs/R-v2-mig-20261009-window-s2/books/10356/position_nll.npz,2beba8686bf30f04d744dd7b99c3ab6f2ab47627685f7ded0d2f2246226b573b
R-v2-mig-20261009-window-s2,reproduction,window,2,10762,16384,15358,aa76de10d803a610cb719f0a8e5cffebed6ede21,a6dbe103b2e9416295807cd481a9ff1660fbfede9c26b68e7db65d230e6229ef,MIG-c3be06c6-cf04-5d8b-85a3-617a77291100,runs/R-v2-mig-20261009-window-s2/config_used.json,runs/R-v2-mig-20261009-window-s2/result.json,d827106ebe04371ee09245805109ce055778b76f851f41a82c6dd19197a55540,runs/R-v2-mig-20261009-window-s2/books/10762/metrics.json,9b940304d9e35d75ef30a266fc0ab3fa1b55bf8eb88d5d4c93ed7b4ff25a3fe5,runs/R-v2-mig-20261009-window-s2/books/10762/position_nll.npz,7053825eb650800fa0548060deb8fa21a95075e0e9ec141cbeacd2fd00a82a16
R-v2-mig-20261009-window-s2,reproduction,window,2,12204,7141,6115,aa76de10d803a610cb719f0a8e5cffebed6ede21,a6dbe103b2e9416295807cd481a9ff1660fbfede9c26b68e7db65d230e6229ef,MIG-c3be06c6-cf04-5d8b-85a3-617a77291100,runs/R-v2-mig-20261009-window-s2/config_used.json,runs/R-v2-mig-20261009-window-s2/result.json,d827106ebe04371ee09245805109ce055778b76f851f41a82c6dd19197a55540,runs/R-v2-mig-20261009-window-s2/books/12204/metrics.json,afb59244ceed1d8e4bbe15d88317d05150c18bf3b0da2f47855383ca495c6023,runs/R-v2-mig-20261009-window-s2/books/12204/position_nll.npz,535525dda1df5f67209aa559b2ba44f78028bf7ba15d5311613cef5b38989764
R-v2-mig-20261009-window-s2,reproduction,window,2,15562,16384,15358,aa76de10d803a610cb719f0a8e5cffebed6ede21,a6dbe103b2e9416295807cd481a9ff1660fbfede9c26b68e7db65d230e6229ef,MIG-c3be06c6-cf04-5d8b-85a3-617a77291100,runs/R-v2-mig-20261009-window-s2/config_used.json,runs/R-v2-mig-20261009-window-s2/result.json,d827106ebe04371ee09245805109ce055778b76f851f41a82c6dd19197a55540,runs/R-v2-mig-20261009-window-s2/books/15562/metrics.json,4dfd66961bc9de1d36ffb1a5b62e1c86bf444681cb99baac8376e6892ce9978c,runs/R-v2-mig-20261009-window-s2/books/15562/position_nll.npz,1f1e3e71c1eb81322c54ab7bfbdc8d6a2673baedf119ff6bdf6568307c3375a0
R-v2-mig-20261009-window-s2,reproduction,window,2,22424,16384,15358,aa76de10d803a610cb719f0a8e5cffebed6ede21,a6dbe103b2e9416295807cd481a9ff1660fbfede9c26b68e7db65d230e6229ef,MIG-c3be06c6-cf04-5d8b-85a3-617a77291100,runs/R-v2-mig-20261009-window-s2/config_used.json,runs/R-v2-mig-20261009-window-s2/result.json,d827106ebe04371ee09245805109ce055778b76f851f41a82c6dd19197a55540,runs/R-v2-mig-20261009-window-s2/books/22424/metrics.json,23bddcf066304b98c429e3b40bfd8b8ad8b540eb8ae9ebf56909ee76a9eb24b5,runs/R-v2-mig-20261009-window-s2/books/22424/position_nll.npz,fc5d9d61fc5565837dd956a2658461db93b8a458756b9de221609346ca33628f
R-v2-mig-20261009-window-s2,reproduction,window,2,24553,16384,15358,aa76de10d803a610cb719f0a8e5cffebed6ede21,a6dbe103b2e9416295807cd481a9ff1660fbfede9c26b68e7db65d230e6229ef,MIG-c3be06c6-cf04-5d8b-85a3-617a77291100,runs/R-v2-mig-20261009-window-s2/config_used.json,runs/R-v2-mig-20261009-window-s2/result.json,d827106ebe04371ee09245805109ce055778b76f851f41a82c6dd19197a55540,runs/R-v2-mig-20261009-window-s2/books/24553/metrics.json,683d934f3d63e0df58e13a4b57f7174615cfa98e39b46d72b2a567f0c1d11d77,runs/R-v2-mig-20261009-window-s2/books/24553/position_nll.npz,c7c6430fa35ce4943d75da2334254f8739528b6fdc7913eddbdfbe0f9fe29d57
R-v2-mig-20261009-window-s2,reproduction,window,2,2544,16384,15358,aa76de10d803a610cb719f0a8e5cffebed6ede21,a6dbe103b2e9416295807cd481a9ff1660fbfede9c26b68e7db65d230e6229ef,MIG-c3be06c6-cf04-5d8b-85a3-617a77291100,runs/R-v2-mig-20261009-window-s2/config_used.json,runs/R-v2-mig-20261009-window-s2/result.json,d827106ebe04371ee09245805109ce055778b76f851f41a82c6dd19197a55540,runs/R-v2-mig-20261009-window-s2/books/2544/metrics.json,4b607bc4033287d2e8d8d59028b40411e0d1e9ebdeff7cb0448f82658ef0b139,runs/R-v2-mig-20261009-window-s2/books/2544/position_nll.npz,a08550a7362373eb2e6eb0220c565b9ebf49a5e45e8bac2cfa846fa4711b3522
R-v2-mig-20261009-window-s2,reproduction,window,2,25646,16384,15358,aa76de10d803a610cb719f0a8e5cffebed6ede21,a6dbe103b2e9416295807cd481a9ff1660fbfede9c26b68e7db65d230e6229ef,MIG-c3be06c6-cf04-5d8b-85a3-617a77291100,runs/R-v2-mig-20261009-window-s2/config_used.json,runs/R-v2-mig-20261009-window-s2/result.json,d827106ebe04371ee09245805109ce055778b76f851f41a82c6dd19197a55540,runs/R-v2-mig-20261009-window-s2/books/25646/metrics.json,d2676a469e04db73312f4e7d17ab2417980041f1b84cc4ca063ea38b07966a2e,runs/R-v2-mig-20261009-window-s2/books/25646/position_nll.npz,e04c334098b2830794de85728934c18cc885a33ce22ae22874ba7077e817bff6
